run,evidence_id,final_attempt,final_item_accepted,judge,judge_status,entropy_available,entropy_unavailable_reason,weight_type,raw_logit_1,raw_logit_2,raw_logit_3,probability_1,probability_2,probability_3,entropy_nats_recalculated,normalized_entropy_recalculated,expected_score_recalculated,argmax_score_recalculated,top_probability_recalculated,top_two_probability_margin_recalculated,stored_entropy_nats,stored_normalized_entropy,entropy_nats_absolute_error,normalized_entropy_absolute_error,stored_argmax_score,generated_score,generated_matches_recalculated_argmax
greedy,EGOLIFE2U_RANDOM_PAIR_CLIP_PRUNED_DAY5_11460000_A2_A4_0-1,3,False,qa_formality,PASS,True,,logit,14.125,22.375,26.5,4.155663680891518e-06,0.01590632561020038,0.9840895187261186,0.08170343123276208,0.07436966805806834,2.9840853630624378,3,0.9840895187261186,0.9681831931159183,0.08170343,0.07436967,1.2327620868557432e-09,1.9419316571456235e-09,3,3,True
greedy,EGOLIFE2U_RANDOM_PAIR_CLIP_PRUNED_DAY5_11460000_A2_A4_0-1,3,False,evidence_groundedness,PASS,True,,logit,14.375,23.375,23.0,7.313551979357856e-05,0.5926232549742179,0.4073036095059886,0.6765934755770541,0.6158619219500217,2.407230473986195,2,0.5926232549742179,0.18531964546822927,0.67659348,0.61586192,4.422945898419073e-09,1.950021699670401e-09,2,2,True
greedy,EGOLIFE2U_RANDOM_PAIR_CLIP_PRUNED_DAY1_12213000_A4_A6_0-1,1,True,qa_formality,PASS,True,,logit,13.375,21.875,25.25,6.731904741024527e-06,0.033085755657049354,0.9669075124382096,0.14539679862178034,0.13234586953150734,2.9669007805334684,3,0.9669075124382096,0.9338217567811602,0.1453968,0.13234587,1.3782196495171206e-09,4.684926613318652e-10,3,3,True
greedy,EGOLIFE2U_RANDOM_PAIR_CLIP_PRUNED_DAY1_12213000_A4_A6_0-1,1,True,evidence_groundedness,PASS,True,,logit,19.625,29.5,19.875,5.143881604843756e-05,0.999882512436741,6.604874721051913e-05,0.0012611719658429707,0.0011479681948323537,2.0000146099311618,2,0.999882512436741,0.9998164636895305,0.00126117,0.00114797,1.9658429706130576e-09,1.805167646222114e-09,2,2,True
greedy,EGOLIFE2U_RANDOM_PAIR_CLIP_PRUNED_DAY4_20570000_A1_A2_0-1,3,False,qa_formality,PASS,True,,logit,14.375,22.0,26.625,4.7386387376629406e-06,0.00970843047651133,0.990286830884751,0.054720188928587696,0.04980846245123209,2.990282092246013,3,0.990286830884751,0.9805784004082396,0.05472019,0.04980846,1.071412306097308e-09,2.4512320923042452e-09,3,3,True
greedy,EGOLIFE2U_RANDOM_PAIR_CLIP_PRUNED_DAY4_20570000_A1_A2_0-1,3,False,evidence_groundedness,FAIL,True,,logit,28.875,18.75,18.0,0.9999410126759025,4.006293404826869e-05,1.8924390049071306e-05,0.0006704290129404731,0.0006102507862471301,1.0000779117141463,1,0.9999410126759025,0.9999009497418543,0.00067043,0.00061025,9.870595268869284e-10,7.862471301193358e-10,1,1,True
greedy,EGOLIFE2U_RANDOM_PAIR_CLIP_PRUNED_DAY7_19100000_A1_A2_0-1,2,True,qa_formality,PASS,True,,logit,12.0,21.5,23.25,1.1081480881839395e-05,0.14804555744949488,0.8519433610696233,0.41943962417690583,0.38179039912743806,2.8519322795887416,3,0.8519433610696233,0.7038978036201284,0.41943962,0.3817904,4.176905821218213e-09,8.725619116134453e-10,3,3,True
greedy,EGOLIFE2U_RANDOM_PAIR_CLIP_PRUNED_DAY7_19100000_A1_A2_0-1,2,True,evidence_groundedness,PASS,True,,logit,14.875,22.875,23.5,0.00011694373586770308,0.3486043634693277,0.6512786927948047,0.6477039957410269,0.5895655841664247,2.651161749058937,3,0.6512786927948047,0.30267432932547694,0.647704,0.58956558,4.258973063109295e-09,4.166424649731937e-09,3,3,True
greedy,EGOLIFE2U_RANDOM_PAIR_CLIP_PRUNED_DAY1_11520000_A3_A4_0-1,3,False,qa_formality,FAIL,True,,logit,29.5,19.375,14.6875,0.99995956734884,4.006367744675796e-05,3.6897371316872e-07,0.00045154362585645916,0.00041101272078786135,1.000040801624873,1,0.99995956734884,0.9999195036713932,0.00045154,0.00041101,3.625856459152886e-09,2.7207878613402965e-09,1,1,True
greedy,EGOLIFE2U_RANDOM_PAIR_CLIP_PRUNED_DAY1_11520000_A3_A4_0-1,3,False,evidence_groundedness,PASS,True,,logit,14.9375,22.375,24.125,8.715596786977078e-05,0.1480342948348546,0.8518785491972756,0.4201720716200582,0.38245710152163787,2.851791393229406,3,0.8518785491972756,0.7038442543624209,0.42017207,0.3824571,1.620058198703589e-09,1.5216378712601397e-09,3,3,True
greedy,EGOLIFE2U_RANDOM_PAIR_CLIP_PRUNED_DAY3_20040000_A1_A4_0-1,3,False,qa_formality,FAIL,True,,logit,29.75,19.125,14.8125,0.9999753741438632,2.4300232830554866e-05,3.25623306194142e-07,0.0002876801313191222,0.0002618577402478248,1.0000249514794428,1,0.9999753741438632,0.9999510739110327,0.00028768,0.00026186,1.313191221887465e-10,2.2597521752041813e-09,1,1,True
greedy,EGOLIFE2U_RANDOM_PAIR_CLIP_PRUNED_DAY3_20040000_A1_A4_0-1,3,False,evidence_groundedness,PASS,True,,logit,14.3125,22.75,23.25,8.17652065427648e-05,0.37750979910738286,0.6224084356860744,0.6636444288167735,0.6040751916413891,2.6223266704795316,3,0.6224084356860744,0.24489863657869154,0.66364443,0.60407519,1.1832264057431985e-09,1.641389135720317e-09,3,3,True
greedy,EGOLIFE2U_RANDOM_PAIR_CLIP_PRUNED_DAY2_13460000_A1_A5_0-1,3,True,qa_formality,PASS,True,,logit,15.0,22.5,27.5,3.701697535336069e-06,0.006692826149375084,0.9933034721530895,0.04022945215957195,0.036618425421350125,2.993299770455554,3,0.9933034721530895,0.9866106460037144,0.04022945,0.03661843,2.1595719518208156e-09,4.5786498759081695e-09,3,3,True
greedy,EGOLIFE2U_RANDOM_PAIR_CLIP_PRUNED_DAY2_13460000_A1_A5_0-1,3,True,evidence_groundedness,PASS,True,,logit,15.125,23.5,23.125,0.00013662646347062634,0.5925856260125009,0.4072777475240285,0.6771333018906334,0.6163532930362069,2.4071411210605578,2,0.5925856260125009,0.18530787848847236,0.6771333,0.61635329,1.890633316570245e-09,3.0362068415001886e-09,2,2,True
greedy,EGOLIFE2U_RANDOM_PAIR_CLIP_PRUNED_DAY2_21140000_A2_A3_0-1,3,False,qa_formality,FAIL,True,,logit,29.375,20.75,15.375,0.9998196408011637,0.00017952782009103947,8.31378745249981e-07,0.0017404422162312432,0.0015842187768910256,1.0001811905775815,1,0.9998196408011637,0.9996401129810727,0.00174044,0.00158422,2.2162312432287556e-09,1.2231089743450219e-09,1,1,True
greedy,EGOLIFE2U_RANDOM_PAIR_CLIP_PRUNED_DAY2_21140000_A2_A3_0-1,3,False,evidence_groundedness,PASS,True,,logit,14.6875,22.5,25.0,3.069470390571013e-05,0.07585585157686897,0.9241134537192253,0.26887659754374754,0.24474202620627614,2.9240827590153198,3,0.9241134537192253,0.8482576021423562,0.2688766,0.24474203,2.4562524791882367e-09,3.793723862832721e-09,3,3,True
greedy,EGOLIFE2U_RANDOM_PAIR_CLIP_PRUNED_DAY6_10390000_A3_A5_0-1,2,True,qa_formality,PASS,True,,logit,15.125,22.125,27.375,4.760115819073193e-06,0.005220100845155506,0.9947751390390255,0.03270239913474149,0.029767006497249247,2.9947703789232065,3,0.9947751390390255,0.98955503819387,0.0327024,0.02976701,8.652585106738719e-10,3.502750752643058e-09,3,3,True
greedy,EGOLIFE2U_RANDOM_PAIR_CLIP_PRUNED_DAY6_10390000_A3_A5_0-1,2,True,evidence_groundedness,PASS,True,,logit,14.5625,22.75,22.875,0.00013035756263204615,0.468729516222772,0.5311401262145959,0.692404188144312,0.6302534527296617,2.531009768651964,3,0.5311401262145959,0.06241060999182396,0.69240419,0.63025345,1.8556879366471435e-09,2.7296617188810046e-09,3,3,True
greedy,EGOLIFE2U_RANDOM_PAIR_CLIP_PRUNED_DAY7_19220000_A1_A2_0-1,3,False,qa_formality,PASS,True,,logit,14.0,21.875,26.0,6.046443545174999e-06,0.015906295534715217,0.9840876580217396,0.08172632894538605,0.0743905104542987,2.9840816115781945,3,0.9840876580217396,0.9681813624870244,0.08172633,0.07439051,1.0546139517231268e-09,4.542986958844253e-10,3,3,True
greedy,EGOLIFE2U_RANDOM_PAIR_CLIP_PRUNED_DAY7_19220000_A1_A2_0-1,3,False,evidence_groundedness,FAIL,True,,logit,24.875,22.25,16.25,0.9322972129323955,0.06753538358853252,0.00016740347907207248,0.24882785406446617,0.22649287344685523,1.0678701905466768,1,0.9322972129323955,0.864761829343863,0.24882785,0.22649287,4.064466180286885e-09,3.446855217914546e-09,1,1,True
greedy,EGOLIFE2U_RANDOM_PAIR_CLIP_PRUNED_DAY6_11133000_A4_A5_0-1,1,True,qa_formality,PASS,True,,logit,11.0625,21.125,21.875,1.3682612540493317e-05,0.3208169111510531,0.6791694062364063,0.6276453154324322,0.5713073865151744,2.679155723623866,3,0.6791694062364063,0.3583524950853532,0.62764532,0.57130739,4.567567768454239e-09,3.484825539246117e-09,3,3,True
greedy,EGOLIFE2U_RANDOM_PAIR_CLIP_PRUNED_DAY6_11133000_A4_A5_0-1,1,True,evidence_groundedness,PASS,True,,logit,14.8125,23.0,23.5,0.00010498616526625215,0.37750103225109627,0.6223939815836375,0.6638445592931048,0.6042573582513894,2.622288995418371,3,0.6223939815836375,0.2448929493325412,0.66384456,0.60425736,7.068952090349967e-10,1.7486105896580284e-09,3,3,True
greedy,EGOLIFE2U_RANDOM_PAIR_CLIP_PRUNED_DAY4_21340000_A1_A5_0-1,3,False,qa_formality,FAIL,True,,logit,29.375,19.5,14.25,0.999948287856254,5.144219985569767e-05,2.6994389023713944e-07,0.0005637881057798503,0.0005131820493864606,1.0000519820876361,1,0.999948287856254,0.9998968456563984,0.00056379,0.00051318,1.8942201496577327e-09,2.0493864605558923e-09,1,1,True
greedy,EGOLIFE2U_RANDOM_PAIR_CLIP_PRUNED_DAY4_21340000_A1_A5_0-1,3,False,evidence_groundedness,PASS,True,,logit,14.6875,23.0,23.0,0.00012269979366362818,0.4999386501031682,0.4999386501031682,0.6942898299166733,0.6319698378382311,2.4998159503095043,2,0.4999386501031682,0.0,0.69428983,0.63196984,8.33266788902165e-11,2.1617688750197317e-09,2,2,True
greedy,EGOLIFE2U_RANDOM_PAIR_CLIP_PRUNED_DAY1_19320000_A2_A3_0-1,1,True,qa_formality,PASS,True,,logit,12.125,21.625,23.25,1.2314206652906915e-05,0.16451443700684126,0.8354732487865059,0.447229905353263,0.40708620317314775,2.835460934579853,3,0.8354732487865059,0.6709588117796645,0.44722991,0.4070862,4.646736995184142e-09,3.1731477445617884e-09,3,3,True
greedy,EGOLIFE2U_RANDOM_PAIR_CLIP_PRUNED_DAY1_19320000_A2_A3_0-1,1,True,evidence_groundedness,PASS,True,,logit,16.375,25.125,23.125,0.0001395527944338551,0.8806741602843215,0.11918628692124471,0.36666123436958914,0.33374943840661636,2.119046734126811,2,0.8806741602843215,0.7614878733630769,0.36666123,0.33374944,4.3695891349671e-09,1.5933836472470375e-09,2,2,True
greedy,EGOLIFE2U_RANDOM_PAIR_CLIP_PRUNED_DAY6_15200000_A1_A6_0-1,3,False,qa_formality,FAIL,True,,logit,29.5,19.75,14.8125,0.9999412906643597,5.82912412898898e-05,4.180943504722847e-07,0.0006331914224498276,0.000576355670677478,1.0000591274299908,1,0.9999412906643597,0.9998829994230698,0.00063319,0.00057636,1.4224498276309283e-09,4.329322522006462e-09,1,1,True
greedy,EGOLIFE2U_RANDOM_PAIR_CLIP_PRUNED_DAY6_15200000_A1_A6_0-1,3,False,evidence_groundedness,PASS,True,,logit,18.75,27.25,23.0,0.00020056663071061937,0.9857386270203354,0.014060806348953838,0.07582728702248626,0.06902097109655911,2.013860239718243,2,0.9857386270203354,0.9716778206713816,0.07582729,0.06902097,2.9775137494469917e-09,1.0965591074052483e-09,2,2,True
greedy,EGOLIFE2U_RANDOM_PAIR_CLIP_PRUNED_DAY4_16533000_A1_A4_0-1,2,True,qa_formality,PASS,True,,logit,14.625,22.25,26.75,5.362645680734251e-06,0.010986883711512737,0.9890077536428065,0.06055910628933987,0.055123274074021164,2.9890023909971255,3,0.9890077536428065,0.9780208699312938,0.06055911,0.05512327,3.710660126388099e-09,4.074021162092656e-09,3,3,True
greedy,EGOLIFE2U_RANDOM_PAIR_CLIP_PRUNED_DAY4_16533000_A1_A4_0-1,2,True,evidence_groundedness,PASS,True,,logit,14.9375,22.875,24.25,7.20619266593464e-05,0.2017986792107574,0.7981292588625832,0.5036289767316993,0.45842285028712737,2.798057196935924,3,0.7981292588625832,0.5963305796518259,0.50362898,0.45842285,3.268300741154917e-09,2.8712737742964123e-10,3,3,True
greedy,EGOLIFE2U_RANDOM_PAIR_CLIP_PRUNED_DAY5_23170000_A1_A5_0-1,3,False,qa_formality,FAIL,True,,logit,29.5,19.125,14.6875,0.9999684291231358,3.120189988117938e-05,3.6897698306269767e-07,0.0003607565580637033,0.00032837477041246504,1.0000319398538473,1,0.9999684291231358,0.9999372272232546,0.00036076,0.00032837,3.441936296687178e-09,4.7704124650602316e-09,1,1,True
greedy,EGOLIFE2U_RANDOM_PAIR_CLIP_PRUNED_DAY5_23170000_A1_A5_0-1,3,False,evidence_groundedness,FAIL,True,,logit,28.875,17.625,16.625,0.9999822079015183,1.3007066226946777e-05,4.785032254849121e-06,0.00022273839693805384,0.00020274522616899564,1.0000225771307367,1,0.9999822079015183,0.9999692008352913,0.00022274,0.00020275,1.6030619461536964e-09,4.773831004356273e-09,1,1,True
greedy,EGOLIFE2U_RANDOM_PAIR_CLIP_PRUNED_DAY6_21120000_A1_A6_0-1,3,False,qa_formality,PASS,True,,logit,14.375,22.0,26.375,6.067792832250542e-06,0.01243157542050388,0.9875623567866639,0.06697659406610608,0.060964723184832016,2.987556288993832,3,0.9875623567866639,0.97513078136616,0.06697659,0.06096472,4.066106076838771e-09,3.1848320161675936e-09,3,3,True
greedy,EGOLIFE2U_RANDOM_PAIR_CLIP_PRUNED_DAY6_21120000_A1_A6_0-1,3,False,evidence_groundedness,PASS,True,,logit,16.375,25.625,22.625,9.154509176875338e-05,0.9524869233365767,0.04742153157165453,0.19179028766984307,0.17457504312313663,2.0473299864798857,2,0.9524869233365767,0.9050653917649222,0.19179029,0.17457504,2.330156928520566e-09,3.1231366381945236e-09,2,2,True
greedy,EGOLIFE2U_RANDOM_PAIR_CLIP_PRUNED_DAY1_17193000_A1_A3_0-1,1,True,qa_formality,PASS,True,,logit,14.1875,22.125,26.125,6.422800305289437e-06,0.01798609444025672,0.982007482759438,0.09017740067841251,0.08208300745273664,2.982001059959133,3,0.982007482759438,0.9640213883191814,0.0901774,0.08208301,6.784125067271773e-10,2.547263358576579e-09,3,3,True
greedy,EGOLIFE2U_RANDOM_PAIR_CLIP_PRUNED_DAY1_17193000_A1_A3_0-1,1,True,evidence_groundedness,PASS,True,,logit,14.8125,23.375,23.125,0.00010744334538478278,0.5621160987618462,0.437776457892769,0.6864109671147276,0.6247981878546891,2.4376690145473843,2,0.5621160987618462,0.12433964086907723,0.68641097,0.62479819,2.885272354369306e-09,2.1453109289026884e-09,2,2,True
greedy,EGOLIFE2U_RANDOM_PAIR_CLIP_PRUNED_DAY7_14383000_A2_A3_0-1,1,True,qa_formality,PASS,True,,logit,14.6875,22.125,26.75,5.715883800595938e-06,0.009708420988950616,0.9902858631272488,0.054732021822599015,0.04981923321552571,2.990280147243448,3,0.9902858631272488,0.9805774421382981,0.05473202,0.04981923,1.822599016154669e-09,3.215525713751166e-09,3,3,True
greedy,EGOLIFE2U_RANDOM_PAIR_CLIP_PRUNED_DAY7_14383000_A2_A3_0-1,1,True,evidence_groundedness,PASS,True,,logit,15.125,23.5,23.25,0.00012959854164882326,0.5621036436311341,0.43776675782721713,0.6865961040622222,0.6249667067665966,2.4376371592855683,2,0.5621036436311341,0.12433688580391694,0.6865961,0.62496671,4.062222114242786e-09,3.233403433888782e-09,2,2,True
greedy,EGOLIFE2U_RANDOM_PAIR_CLIP_PRUNED_DAY6_12530000_A2_A4_0-1,2,True,qa_formality,PASS,True,,logit,13.875,22.0,26.0,5.324694320452744e-06,0.017986114191021526,0.9820085611146581,0.09016427130902799,0.08207105658570198,2.9820032364203373,3,0.9820085611146581,0.9640224469236366,0.09016427,0.08207106,1.3090279832317364e-09,3.414298024861928e-09,3,3,True
greedy,EGOLIFE2U_RANDOM_PAIR_CLIP_PRUNED_DAY6_12530000_A2_A4_0-1,2,True,evidence_groundedness,PASS,True,,logit,15.125,22.625,23.5,0.00016269922722077245,0.29416710361438103,0.7056701971583981,0.607366115159789,0.552848462942393,2.705507497931177,3,0.7056701971583981,0.41150309354401704,0.60736612,0.55284846,4.840211009771167e-09,2.942392995919363e-09,3,3,True
greedy,EGOLIFE2U_RANDOM_PAIR_CLIP_PRUNED_DAY3_12083000_A2_A5_0-1,2,True,qa_formality,PASS,True,,logit,13.625,22.0,25.875,4.68780271892879e-06,0.02033225802859747,0.9796630541686835,0.0993915141589258,0.09047005498129097,2.9796583663659644,3,0.9796630541686835,0.959330796140086,0.09939151,0.09047005,4.158925800967772e-09,4.981290976924235e-09,3,3,True
greedy,EGOLIFE2U_RANDOM_PAIR_CLIP_PRUNED_DAY3_12083000_A2_A5_0-1,2,True,evidence_groundedness,PASS,True,,logit,14.4375,23.5,22.875,7.550767971467351e-05,0.6513056823715524,0.3486188099487329,0.6473472333724539,0.5892408450639652,2.348543302269018,2,0.6513056823715524,0.3026868724228195,0.64734723,0.58924085,3.372453871719472e-09,4.936034803115774e-09,2,2,True
greedy,EGOLIFE2U_RANDOM_PAIR_CLIP_PRUNED_DAY3_22423000_A3_A4_0-1,3,False,qa_formality,PASS,True,,logit,13.375,21.875,25.375,5.964076212624904e-06,0.029312055930978152,0.9706819799928091,0.13242014703959348,0.12053401223113165,2.9706760159165966,3,0.9706819799928091,0.941369924061831,0.13242015,0.12053401,2.960406503271784e-09,2.2311316544287862e-09,3,3,True
greedy,EGOLIFE2U_RANDOM_PAIR_CLIP_PRUNED_DAY3_22423000_A3_A4_0-1,3,False,evidence_groundedness,FAIL,True,,logit,28.875,20.0,15.125,0.9998591105200385,0.00013982192637977144,1.067553581772056e-06,0.0013964978641864217,0.0012711471358830785,1.0001419570335435,1,0.9998591105200385,0.9997192885936588,0.0013965,0.00127115,2.135813578297077e-09,2.864116921495047e-09,1,1,True
greedy,EGOLIFE2U_RANDOM_PAIR_CLIP_PRUNED_DAY3_22480000_A1_A2_0-1,1,True,qa_formality,PASS,True,,logit,15.25,22.25,27.75,3.7114714053778113e-06,0.004070122609696378,0.9959261659188983,0.026514222494760906,0.02413428537824306,2.995922454447493,3,0.9959261659188983,0.9918560433092019,0.02651422,0.02413429,2.4947609048031616e-09,4.6217569389661595e-09,3,3,True
greedy,EGOLIFE2U_RANDOM_PAIR_CLIP_PRUNED_DAY3_22480000_A1_A2_0-1,1,True,evidence_groundedness,PASS,True,,logit,14.8125,23.0,24.0,7.47892440415766e-05,0.2689213074443994,0.731003903311559,0.5829449131831508,0.53061932694188,2.730929114067517,3,0.731003903311559,0.46208259586715955,0.58294491,0.53061933,3.1831507429913586e-09,3.05811997947103e-09,3,3,True
greedy,EGOLIFE2U_RANDOM_PAIR_CLIP_PRUNED_DAY5_15283000_A3_A4_0-1,1,True,qa_formality,PASS,True,,logit,13.0,22.0,25.125,5.194011278626709e-06,0.04208750931148536,0.9579072966772361,0.17459071723900044,0.15891931943585258,2.9579021026659573,3,0.9579072966772361,0.9158197873657508,0.17459072,0.15891932,2.7609995678634647e-09,5.641474232209731e-10,3,3,True
greedy,EGOLIFE2U_RANDOM_PAIR_CLIP_PRUNED_DAY5_15283000_A3_A4_0-1,1,True,evidence_groundedness,PASS,True,,logit,15.3125,22.75,25.25,4.46599069445329e-05,0.07585479220198284,0.9241005478910728,0.26901518352699577,0.24486817260448934,2.9240558879841285,3,0.9241005478910728,0.8482457556890899,0.26901518,0.24486817,3.526995751013118e-09,2.604489346413885e-09,3,3,True
greedy,EGOLIFE2U_RANDOM_PAIR_CLIP_PRUNED_DAY2_13103000_A1_A3_0-1,3,False,qa_formality,FAIL,True,,logit,29.25,21.0,14.9375,0.9997382016396209,0.00026119016023973095,6.082001393189272e-07,0.0024253563220238794,0.0022076544628535266,1.0002624065605183,1,0.9997382016396209,0.9994770114793812,0.00242536,0.00220765,3.6779761207125783e-09,4.46285352683623e-09,1,1,True
greedy,EGOLIFE2U_RANDOM_PAIR_CLIP_PRUNED_DAY2_13103000_A1_A3_0-1,3,False,evidence_groundedness,PASS,True,,logit,14.6875,23.125,23.625,8.17652065427648e-05,0.37750979910738286,0.6224084356860744,0.6636444288167735,0.6040751916413891,2.6223266704795316,3,0.6224084356860744,0.24489863657869154,0.66364443,0.60407519,1.1832264057431985e-09,1.641389135720317e-09,3,3,True
greedy,EGOLIFE2U_RANDOM_PAIR_CLIP_PRUNED_DAY4_18220000_A1_A3_0-1,3,True,qa_formality,PASS,True,,logit,16.25,22.0,28.75,3.722280957512523e-06,0.0011695059118097255,0.9988267718072328,0.009114610380424309,0.008296475903682366,2.9988230495262753,3,0.9988267718072328,0.997657265895423,0.00911461,0.00829648,3.804243083743719e-10,4.096317634053048e-09,3,3,True
greedy,EGOLIFE2U_RANDOM_PAIR_CLIP_PRUNED_DAY4_18220000_A1_A3_0-1,3,True,evidence_groundedness,PASS,True,,logit,16.125,23.125,25.75,6.159081582086057e-05,0.0675425308838158,0.9323958783003632,0.2478897475298788,0.22563897208031883,2.932334287484542,3,0.9323958783003632,0.8648533474165474,0.24788975,0.22563897,2.470121190922825e-09,2.0803188338636147e-09,3,3,True
greedy,EGOLIFE2U_RANDOM_PAIR_CLIP_PRUNED_DAY6_10570000_A3_A6_0-1,3,False,qa_formality,PASS,True,,logit,13.75,22.125,26.0,4.68780271892879e-06,0.02033225802859747,0.9796630541686835,0.0993915141589258,0.09047005498129097,2.9796583663659644,3,0.9796630541686835,0.959330796140086,0.09939151,0.09047005,4.158925800967772e-09,4.981290976924235e-09,3,3,True
greedy,EGOLIFE2U_RANDOM_PAIR_CLIP_PRUNED_DAY6_10570000_A3_A6_0-1,3,False,evidence_groundedness,FAIL,True,,logit,29.625,21.0,16.25,0.9998189190906407,0.00017952769050054971,1.5532188587309316e-06,0.0017502979392894458,0.001593189842625372,1.000182634128218,1,0.9998189190906407,0.9996393914001401,0.0017503,0.00159319,2.060710554236886e-09,1.5737462786928613e-10,1,1,True
greedy,EGOLIFE2U_RANDOM_PAIR_CLIP_PRUNED_DAY4_12500000_A1_A6_0-1,3,False,qa_formality,PASS,True,,logit,14.4375,22.125,26.875,3.932959284950752e-06,0.008577451678811085,0.9914186153619039,0.049410228384653906,0.04497512807230278,2.9914146824026187,3,0.9914186153619039,0.9828411636830928,0.04941023,0.04497513,1.6153460929979602e-09,1.927697224068936e-09,3,3,True
greedy,EGOLIFE2U_RANDOM_PAIR_CLIP_PRUNED_DAY4_12500000_A1_A6_0-1,3,False,evidence_groundedness,PASS,True,,logit,14.4375,22.875,23.25,8.821694572743077e-05,0.4072974663374854,0.5926143167167872,0.676725446687691,0.6159820472317049,2.5925260997710597,3,0.5926143167167872,0.1853168503793018,0.67672545,0.61598205,3.312308982650336e-09,2.768295037647306e-09,3,3,True
greedy,EGOLIFE2U_RANDOM_PAIR_CLIP_PRUNED_DAY2_18360000_A2_A4_0-1,1,True,qa_formality,PASS,True,,logit,15.1875,22.125,27.625,3.950839799746845e-06,0.004070121635434049,0.9959259275247662,0.026517201683071714,0.024136997152307067,2.9959219766849663,3,0.9959259275247662,0.9918558058893321,0.0265172,0.024137,1.6830717132487738e-09,2.847692932156365e-09,3,3,True
greedy,EGOLIFE2U_RANDOM_PAIR_CLIP_PRUNED_DAY2_18360000_A2_A4_0-1,1,True,evidence_groundedness,PASS,True,,logit,14.3125,22.875,23.0,8.959700755732878e-05,0.4687486243889271,0.5311617786035155,0.6920605883905482,0.6299406947555266,2.5310721815959583,3,0.5311617786035155,0.06241315421458843,0.69206059,0.62994069,1.609451794060135e-09,4.7555266391441364e-09,3,3,True
greedy,EGOLIFE2U_RANDOM_PAIR_CLIP_PRUNED_DAY2_12420000_A2_A4_0-1,3,False,qa_formality,FAIL,True,,logit,29.25,19.375,14.875,0.9999479863446077,5.1442184344473185e-05,5.714710478023751e-07,0.000568221474863227,0.0005172174758322647,1.0000525851264401,1,0.9999479863446077,0.9998965441602632,0.00056822,0.00051722,1.4748632269894618e-09,2.524167735289476e-09,1,1,True
greedy,EGOLIFE2U_RANDOM_PAIR_CLIP_PRUNED_DAY2_12420000_A2_A4_0-1,3,False,evidence_groundedness,PASS,True,,logit,18.625,27.625,22.625,0.00012256881570915678,0.9931854005948175,0.0066920305894733485,0.04140119710574749,0.03768499363496085,2.0065694617737644,2,0.9931854005948175,0.9864933700053442,0.0414012,0.03768499,2.894252511265183e-09,3.634960846210511e-09,2,2,True
greedy,EGOLIFE2U_RANDOM_PAIR_CLIP_PRUNED_DAY1_18003000_A1_A5_0-1,3,False,qa_formality,PASS,True,,logit,13.125,22.0,25.125,5.885581775268836e-06,0.042087480204854456,0.9579066342133702,0.1745989674496567,0.15892682910121986,2.957900748631595,3,0.9579066342133702,0.9158191540085158,0.17459897,0.15892683,2.550343297658131e-09,8.987801336513002e-10,3,3,True
greedy,EGOLIFE2U_RANDOM_PAIR_CLIP_PRUNED_DAY1_18003000_A1_A5_0-1,3,False,evidence_groundedness,PASS,True,,logit,15.5625,23.625,23.375,0.00017713178270702617,0.5620769215600002,0.4377459466572928,0.6869811790136362,0.625317217092565,2.4375688148745858,2,0.5620769215600002,0.12433097490270745,0.68698118,0.62531722,9.863637684404125e-10,2.9074349594537807e-09,2,2,True
greedy,EGOLIFE2U_RANDOM_PAIR_CLIP_PRUNED_DAY1_13380000_A2_A4_0-1,3,False,qa_formality,PASS,True,,logit,13.5,21.875,25.75,4.68780271892879e-06,0.02033225802859747,0.9796630541686835,0.0993915141589258,0.09047005498129097,2.9796583663659644,3,0.9796630541686835,0.959330796140086,0.09939151,0.09047005,4.158925800967772e-09,4.981290976924235e-09,3,3,True
greedy,EGOLIFE2U_RANDOM_PAIR_CLIP_PRUNED_DAY1_13380000_A2_A4_0-1,3,False,evidence_groundedness,FAIL,True,,logit,28.5,20.625,16.375,0.9996145973862026,0.0003799824551755207,5.420158621939452e-06,0.003443558158270449,0.0031344617148286297,1.0003908227724194,1,0.9996145973862026,0.999234614931027,0.00344356,0.00313446,1.84172955098455e-09,1.7148286297896664e-09,1,1,True
greedy,EGOLIFE2U_RANDOM_PAIR_CLIP_PRUNED_DAY6_16390000_A1_A2_0-1,3,False,qa_formality,PASS,True,,logit,13.8125,22.0,25.75,6.390156141722816e-06,0.022977223081044162,0.9770163867628141,0.10949272359184133,0.09966457204350371,2.9770099966066725,3,0.9770163867628141,0.95403916368177,0.10949272,0.09966457,3.5918413243685166e-09,2.0435037134669543e-09,3,3,True
greedy,EGOLIFE2U_RANDOM_PAIR_CLIP_PRUNED_DAY6_16390000_A1_A2_0-1,3,False,evidence_groundedness,FAIL,True,,logit,28.875,20.875,15.6875,0.9996627772507467,0.0003353495022728588,1.8732469804739686e-06,0.0030447790843686068,0.0027714773590052505,1.000339095996234,1,0.9996627772507467,0.9993274277484738,0.00304478,0.00277148,9.156313931883708e-10,2.6409947497148256e-09,1,1,True
greedy,EGOLIFE2U_RANDOM_PAIR_CLIP_PRUNED_DAY2_16080000_A3_A4_0-1,3,False,qa_formality,PASS,True,,logit,16.625,22.0,29.0,4.218986243437768e-06,0.0009110473506881891,0.9990847336630684,0.007345226858497489,0.006685913615077428,2.999080514676825,3,0.9990847336630684,0.9981736863123802,0.00734523,0.00668591,3.1415025112530026e-09,3.61507742838163e-09,3,3,True
greedy,EGOLIFE2U_RANDOM_PAIR_CLIP_PRUNED_DAY2_16080000_A3_A4_0-1,3,False,evidence_groundedness,FAIL,True,,logit,29.375,17.75,18.0,0.9999795817407995,8.939593689015511e-06,1.1478665511557244e-05,0.0002549110644847773,0.00023203005019524755,1.0000318969247122,1,0.9999795817407995,0.9999681030752879,0.00025491,0.00023203,1.0644847772884637e-09,5.019524753529028e-11,1,1,True
greedy,EGOLIFE2U_RANDOM_PAIR_CLIP_PRUNED_DAY6_20330000_A2_A6_0-1,3,False,qa_formality,PASS,True,,logit,10.8125,22.25,21.25,7.883255768726174e-06,0.7310528155082475,0.26893930123598364,0.5822990367789032,0.5300314249031811,2.2689314179802147,2,0.7310528155082475,0.4621135142722639,0.58229904,0.53003142,3.221096833705417e-09,4.9031810833710665e-09,2,2,True
greedy,EGOLIFE2U_RANDOM_PAIR_CLIP_PRUNED_DAY6_20330000_A2_A6_0-1,3,False,evidence_groundedness,FAIL,True,,logit,29.125,18.875,17.0,0.9999592219136991,3.535605903918892e-05,5.42202726172215e-06,0.0004689206034497065,0.0004268299274334507,1.0000462001135626,1,0.9999592219136991,0.99992386585466,0.00046892,0.00042683,6.034497064912915e-10,7.256654928648396e-11,1,1,True
greedy,EGOLIFE2U_RANDOM_PAIR_CLIP_PRUNED_DAY5_12410000_A5_A6_0-1,2,True,qa_formality,PASS,True,,logit,13.875,21.875,26.0,5.335971491348411e-06,0.015906306835762007,0.9840883571927467,0.08171780641789722,0.07438275291546836,2.9840830212212555,3,0.9840883571927467,0.9681820503569847,0.08171781,0.07438275,3.582102781063412e-09,2.9154683667265147e-09,3,3,True
greedy,EGOLIFE2U_RANDOM_PAIR_CLIP_PRUNED_DAY5_12410000_A5_A6_0-1,2,True,evidence_groundedness,PASS,True,,logit,15.375,24.375,23.0,9.849437176855267e-05,0.7981081608343937,0.20179334479383768,0.5038634492617494,0.45863627638154547,2.201694850422069,2,0.7981081608343937,0.596314816040556,0.50386345,0.45863628,7.382505717856702e-10,3.6184545360029574e-09,2,2,True
greedy,EGOLIFE2U_RANDOM_PAIR_CLIP_PRUNED_DAY7_14280000_A3_A6_0-1,3,False,qa_formality,PASS,True,,logit,14.875,22.5,26.875,6.067792832250542e-06,0.01243157542050388,0.9875623567866639,0.06697659406610608,0.060964723184832016,2.987556288993832,3,0.9875623567866639,0.97513078136616,0.06697659,0.06096472,4.066106076838771e-09,3.1848320161675936e-09,3,3,True
greedy,EGOLIFE2U_RANDOM_PAIR_CLIP_PRUNED_DAY7_14280000_A3_A6_0-1,3,False,evidence_groundedness,FAIL,True,,logit,22.5,22.25,18.0,0.5586873770911991,0.4351061667707351,0.006206456138065804,0.7188708104436862,0.6543444105428686,1.4475190790468666,1,0.5586873770911991,0.12358121032046399,0.71887081,0.65434441,4.436861988921237e-10,5.428686389308268e-10,1,1,True
greedy,EGOLIFE2U_RANDOM_PAIR_CLIP_PRUNED_DAY3_15333000_A3_A5_0-1,3,False,qa_formality,PASS,True,,logit,13.5,21.875,23.75,3.065527783967263e-05,0.13296016414210327,0.8670091805800572,0.39232023771762403,0.35710526977014706,2.8669785253022178,3,0.8670091805800572,0.7340490164379538,0.39232024,0.35710527,2.2823759548984413e-09,2.298529144795225e-10,3,3,True
greedy,EGOLIFE2U_RANDOM_PAIR_CLIP_PRUNED_DAY3_15333000_A3_A5_0-1,3,False,evidence_groundedness,FAIL,True,,logit,29.375,18.875,17.0,0.9999682417079945,2.753557483914791e-05,4.222717166513574e-06,0.0003731384570574151,0.0003396452605766729,1.0000359810091723,1,0.9999682417079945,0.9999407061331553,0.00037314,0.00033965,1.5429425848957623e-09,4.739423327100936e-09,1,1,True
greedy,EGOLIFE2U_RANDOM_PAIR_CLIP_PRUNED_DAY1_11400000_A3_A6_0-1,3,False,qa_formality,PASS,True,,logit,15.1875,22.125,27.375,5.067115357600704e-06,0.005220099242579327,0.994774833642063,0.03270614177190082,0.029770413192402704,2.994769766526705,3,0.994774833642063,0.9895547343994836,0.03270614,0.02977041,1.7719008205130393e-09,3.1924027033003455e-09,3,3,True
greedy,EGOLIFE2U_RANDOM_PAIR_CLIP_PRUNED_DAY1_11400000_A3_A6_0-1,3,False,evidence_groundedness,PASS,True,,logit,15.0625,22.75,23.875,0.00011236449995828665,0.2450574742774238,0.7548301612226178,0.5579423777796207,0.5078610384524607,2.7547177967226597,3,0.7548301612226178,0.509772686945194,0.55794238,0.50786104,2.2203792138242306e-09,1.5475393189134934e-09,3,3,True
greedy,EGOLIFE2U_RANDOM_PAIR_CLIP_PRUNED_DAY7_12303000_A1_A3_0-1,3,False,qa_formality,PASS,True,,logit,14.5,22.5,27.375,2.541874806823991e-06,0.007577222007462126,0.992420236117731,0.04458032020688716,0.040578756187893736,2.992417694242924,3,0.992420236117731,0.9848430141102689,0.04458032,0.04057876,2.068871601812461e-10,3.8121062626017554e-09,3,3,True
greedy,EGOLIFE2U_RANDOM_PAIR_CLIP_PRUNED_DAY7_12303000_A1_A3_0-1,3,False,evidence_groundedness,PASS,True,,logit,14.5,23.125,23.375,7.860949750230363e-05,0.43778908202894184,0.5621323084735559,0.6861629622638027,0.6245724441109836,2.5620536989760536,3,0.5621323084735559,0.12434322644461404,0.68616296,0.62457244,2.2638027008525796e-09,4.110983553573533e-09,3,3,True
greedy,EGOLIFE2U_RANDOM_PAIR_CLIP_PRUNED_DAY7_15050000_A1_A2_0-1,3,False,qa_formality,PASS,True,,logit,12.0625,21.625,22.625,1.891073895782119e-05,0.26893633548898066,0.7310447537720615,0.5824166786052136,0.5301385071081809,2.7310258430331036,3,0.7310447537720615,0.4621084182830808,0.58241668,0.53013851,1.3947863974905772e-09,2.8918191175009156e-09,3,3,True
greedy,EGOLIFE2U_RANDOM_PAIR_CLIP_PRUNED_DAY7_15050000_A1_A2_0-1,3,False,evidence_groundedness,FAIL,True,,logit,28.5,17.125,17.625,0.9999695965180949,1.1478550892185433e-05,1.8924931012760057e-05,0.0003667810852626827,0.00033385853139085637,1.0000493284129175,1,0.9999695965180949,0.9999506715870822,0.00036678,0.00033386,1.0852626827263269e-09,1.4686091436380035e-09,1,1,True
greedy,EGOLIFE2U_RANDOM_PAIR_CLIP_PRUNED_DAY5_16253000_A4_A6_0-1,3,True,qa_formality,PASS,True,,logit,14.75,22.125,26.875,5.375710215909839e-06,0.008577439303636018,0.9914171849861481,0.04942787666547966,0.044991192229792906,2.9914118092759323,3,0.9914171849861481,0.9828397456825121,0.04942788,0.04499119,3.3345203404033796e-09,2.22979290587233e-09,3,3,True
greedy,EGOLIFE2U_RANDOM_PAIR_CLIP_PRUNED_DAY5_16253000_A4_A6_0-1,3,True,evidence_groundedness,PASS,True,,logit,14.875,22.625,24.5,5.727007457923795e-05,0.13295662532587676,0.8669861045995441,0.39257722627401814,0.3573391908349712,2.8669288345249653,3,0.8669861045995441,0.7340294792736672,0.39257723,0.35733919,3.725981856383953e-09,8.349712032895695e-10,3,3,True
greedy,EGOLIFE2U_RANDOM_PAIR_CLIP_PRUNED_DAY4_11360000_A2_A4_0-1,3,False,qa_formality,FAIL,True,,logit,29.625,19.5,14.75,0.9999595897029239,4.006367834238098e-05,3.4661873373414556e-07,0.00045121181047508714,0.0004107106894117384,1.0000407569158098,1,0.9999595897029239,0.9999195260245815,0.00045121,0.00041071,1.810475087123814e-09,6.894117384175641e-10,1,1,True
greedy,EGOLIFE2U_RANDOM_PAIR_CLIP_PRUNED_DAY4_11360000_A2_A4_0-1,3,False,evidence_groundedness,PASS,True,,logit,19.0,28.75,19.875,5.828311573041285e-05,0.9998019029578885,0.0001398139263811125,0.00200722564092609,0.001827055515062122,2.0000815308106508,2,0.9998019029578885,0.9996620890315074,0.00200723,0.00182706,4.359073909991629e-09,4.484937877894182e-09,2,2,True
greedy,EGOLIFE2U_RANDOM_PAIR_CLIP_PRUNED_DAY4_18280000_A3_A6_0-1,2,True,qa_formality,PASS,True,,logit,14.4375,22.0,26.5,5.708504637932671e-06,0.010986879911580216,0.9890074115837818,0.060563271808831406,0.05512706569326164,2.989001703079144,3,0.9890074115837818,0.9780205316722016,0.06056327,0.05512707,1.8088314041042608e-09,4.3067383617700905e-09,3,3,True
greedy,EGOLIFE2U_RANDOM_PAIR_CLIP_PRUNED_DAY4_18280000_A3_A6_0-1,2,True,evidence_groundedness,PASS,True,,logit,14.5,22.5,23.5,9.021165708731927e-05,0.2689171597187139,0.7309926286241987,0.5830809678771263,0.5307431692613032,2.730902416967111,3,0.7309926286241987,0.4620754689054848,0.58308097,0.53074317,2.122873765664224e-09,7.386968814415695e-10,3,3,True
greedy,EGOLIFE2U_RANDOM_PAIR_CLIP_PRUNED_DAY6_16093000_A2_A5_0-1,1,True,qa_formality,PASS,True,,logit,15.125,22.125,27.25,5.390168033091647e-06,0.005911036994589405,0.9940835728373776,0.03629341894334845,0.0330356935906373,2.994078182669345,3,0.9940835728373776,0.9881725358427882,0.03629342,0.03303569,1.0566515509791152e-09,3.5906373013760984e-09,3,3,True
greedy,EGOLIFE2U_RANDOM_PAIR_CLIP_PRUNED_DAY6_16093000_A2_A5_0-1,1,True,evidence_groundedness,PASS,True,,logit,15.1875,22.5,24.0,0.00012168984854222082,0.18240332447199412,0.8174749856794638,0.4762123537343744,0.43346716457332285,2.8173532958309218,3,0.8174749856794638,0.6350716612074696,0.47621235,0.43346716,3.734374420805153e-09,4.573322831546989e-09,3,3,True
greedy,EGOLIFE2U_RANDOM_PAIR_CLIP_PRUNED_DAY6_20133000_A2_A6_0-1,3,False,qa_formality,PASS,True,,logit,14.25,22.0,26.375,5.3548121978839535e-06,0.01243158428403019,0.9875630609037719,0.06696803344323969,0.06095693097009467,2.987557706091574,3,0.9875630609037719,0.9751314766197416,0.06696803,0.06095693,3.4432396933681275e-09,9.70094671259858e-10,3,3,True
greedy,EGOLIFE2U_RANDOM_PAIR_CLIP_PRUNED_DAY6_20133000_A2_A6_0-1,3,False,evidence_groundedness,PASS,True,,logit,14.4375,22.5,24.125,5.18426971235882e-05,0.16450793391940538,0.835440223383471,0.4476240981740802,0.4074450129415103,2.8353883806863474,3,0.835440223383471,0.6709322894640657,0.4476241,0.40744501,1.8259198042436253e-09,2.9415103131036346e-09,3,3,True
greedy,EGOLIFE2U_RANDOM_PAIR_CLIP_PRUNED_DAY1_13553000_A2_A3_0-1,2,True,qa_formality,PASS,True,,logit,15.0,22.25,27.125,5.381133729759555e-06,0.007577200493712245,0.9924174183725579,0.04461557420586271,0.04061084576065674,2.992412037238828,3,0.9924174183725579,0.9848402178788457,0.04461557,0.04061085,4.205862706718744e-09,4.239343258383155e-09,3,3,True
greedy,EGOLIFE2U_RANDOM_PAIR_CLIP_PRUNED_DAY1_13553000_A2_A3_0-1,2,True,evidence_groundedness,PASS,True,,logit,15.3125,23.875,22.875,0.00013971563034152987,0.730956438319875,0.2689038460497835,0.583501574044285,0.5311260214936123,2.268764130419442,2,0.730956438319875,0.4620525922700915,0.58350157,0.53112602,4.044285017990035e-09,1.4936123449160732e-09,2,2,True
greedy,EGOLIFE2U_RANDOM_PAIR_CLIP_PRUNED_DAY6_11073000_A2_A4_0-1,3,False,qa_formality,FAIL,True,,logit,29.25,19.625,14.3125,0.999933622266942,6.605212334742815e-05,3.2560971047513294e-07,0.0007069954184263869,0.0006435349628971517,1.0000667033427684,1,0.999933622266942,0.9998675701435946,0.000707,0.00064353,4.581573613006949e-09,4.962897151724287e-09,1,1,True
greedy,EGOLIFE2U_RANDOM_PAIR_CLIP_PRUNED_DAY6_11073000_A2_A4_0-1,3,False,evidence_groundedness,PASS,True,,logit,14.75,23.125,23.5,9.39059156314079e-05,0.4072951490300317,0.592610945054337,0.6767745321129447,0.6160267267112265,2.5925170391387056,3,0.592610945054337,0.18531579602430526,0.67677453,0.61602673,2.1129447080880936e-09,3.2887734757736098e-09,3,3,True
greedy,EGOLIFE2U_RANDOM_PAIR_CLIP_PRUNED_DAY4_15383000_A1_A4_0-1,2,True,qa_formality,PASS,True,,logit,14.0625,22.25,26.375,4.423679775812592e-06,0.015906321347031387,0.9840892549731928,0.0817067218836232,0.07437266333756326,2.984084831293417,3,0.9840892549731928,0.9681829336261614,0.08170672,0.07437266,1.883623201859308e-09,3.337563267424848e-09,3,3,True
greedy,EGOLIFE2U_RANDOM_PAIR_CLIP_PRUNED_DAY4_15383000_A1_A4_0-1,2,True,evidence_groundedness,PASS,True,,logit,14.875,22.625,24.5,5.727007457923795e-05,0.13295662532587676,0.8669861045995441,0.39257722627401814,0.3573391908349712,2.8669288345249653,3,0.8669861045995441,0.7340294792736672,0.39257723,0.35733919,3.725981856383953e-09,8.349712032895695e-10,3,3,True
greedy,EGOLIFE2U_RANDOM_PAIR_CLIP_PRUNED_DAY6_17340000_A3_A6_0-1,3,False,qa_formality,PASS,True,,logit,15.375,22.375,28.0,3.2769306470574803e-06,0.0035935908054336575,0.9964031322639193,0.023858671548225945,0.02171709873840091,2.9963998553332725,3,0.9964031322639193,0.9928095414584857,0.02385867,0.0217171,1.5482259467514137e-09,1.261599089086296e-09,3,3,True
greedy,EGOLIFE2U_RANDOM_PAIR_CLIP_PRUNED_DAY6_17340000_A3_A6_0-1,3,False,evidence_groundedness,PASS,True,,logit,15.25,23.25,23.25,0.0001677031848757029,0.49991614840756216,0.49991614840756216,0.6946565232875781,0.6323036165285727,2.4997484452226866,2,0.49991614840756216,0.0,0.69465652,0.63230362,3.287578098642996e-09,3.471427256762638e-09,2,2,True
sampling,EGOLIFE2U_RANDOM_PAIR_CLIP_PRUNED_DAY5_11460000_A2_A4_0-1,3,False,qa_formality,PASS,True,,logit,14.3125,19.625,29.5,2.535888208629198e-07,5.144220069703865e-05,0.9999483042104822,0.0005635402378912953,0.0005129564303112766,2.9999480506216614,3,0.9999483042104822,0.9998968620097851,0.00056354,0.00051296,2.378912953128823e-10,3.5696887234343277e-09,3,3,True
sampling,EGOLIFE2U_RANDOM_PAIR_CLIP_PRUNED_DAY5_11460000_A2_A4_0-1,3,False,evidence_groundedness,FAIL,True,,logit,29.125,18.125,17.125,0.9999771546087803,1.6701319233357073e-05,6.144071986393261e-06,0.00028028902758323276,0.00025513006769935004,1.0000289894632062,1,0.9999771546087803,0.999960453289547,0.00028029,0.00025513,9.724167672258907e-10,6.769935003217431e-11,1,1,True
sampling,EGOLIFE2U_RANDOM_PAIR_CLIP_PRUNED_DAY1_12213000_A4_A6_0-1,2,True,qa_formality,PASS,True,,logit,14.1875,21.875,26.375,5.037741040515706e-06,0.01098688728122138,0.9890080749777381,0.06055517283675126,0.05511969369117894,2.989003037236698,3,0.9890080749777381,0.9780211876965168,0.06055517,0.05511969,2.8367512644456028e-09,3.6911789388915928e-09,3,3,True
sampling,EGOLIFE2U_RANDOM_PAIR_CLIP_PRUNED_DAY1_12213000_A4_A6_0-1,2,True,evidence_groundedness,PASS,True,,logit,14.375,22.875,24.0,4.986456129252994e-05,0.2450727920757125,0.7548773433629951,0.5573868395405029,0.5073553657553245,2.754827478801703,3,0.7548773433629951,0.5098045512872825,0.55738684,0.50735537,4.5949710703041546e-10,4.2446754999758696e-09,3,3,True
sampling,EGOLIFE2U_RANDOM_PAIR_CLIP_PRUNED_DAY4_20570000_A1_A2_0-1,1,True,qa_formality,PASS,True,,logit,13.4375,21.875,25.625,4.976665641626892e-06,0.022977255559338248,0.9770177677750203,0.10947580251047594,0.099649169811488,2.9770127911093787,3,0.9770177677750203,0.954040512215682,0.1094758,0.09964917,2.510475938244383e-09,1.885119976785532e-10,3,3,True
sampling,EGOLIFE2U_RANDOM_PAIR_CLIP_PRUNED_DAY4_20570000_A1_A2_0-1,1,True,evidence_groundedness,PASS,True,,logit,15.5625,22.5,24.625,0.00010355312030557708,0.10667954580174087,0.8932169010779536,0.340558322235338,0.3099895438528273,2.8931133479576485,3,0.8932169010779536,0.7865373552762127,0.34055832,0.30998954,2.2353379702799714e-09,3.852827279438031e-09,3,3,True
sampling,EGOLIFE2U_RANDOM_PAIR_CLIP_PRUNED_DAY7_19100000_A1_A2_0-1,3,True,qa_formality,PASS,True,,logit,12.5625,21.5,24.375,7.01549562537443e-06,0.05340295514899764,0.946590029355377,0.20850556127375522,0.18978994084121759,2.9465830138597515,3,0.946590029355377,0.8931870742063793,0.20850556,0.18978994,1.2737552124164608e-09,8.412175955818668e-10,3,3,True
sampling,EGOLIFE2U_RANDOM_PAIR_CLIP_PRUNED_DAY7_19100000_A1_A2_0-1,3,True,evidence_groundedness,PASS,True,,logit,14.9375,23.5,23.0,0.000118963247807907,0.6223852814181865,0.37749575533400564,0.6639624549809611,0.6043646715311263,2.377376792086198,2,0.6223852814181865,0.24488952608418085,0.66396245,0.60436467,4.980961088030256e-09,1.531126225806645e-09,2,2,True
sampling,EGOLIFE2U_RANDOM_PAIR_CLIP_PRUNED_DAY1_11520000_A3_A4_0-1,3,False,qa_formality,PASS,True,,logit,14.9375,22.25,27.25,4.465096132666111e-06,0.006692821040062076,0.9933027138638052,0.04023889529166319,0.036627020930601786,2.9932982487676725,3,0.9933027138638052,0.9866098928237431,0.0402389,0.03662702,4.708336810710367e-09,9.306017831334223e-10,3,3,True
sampling,EGOLIFE2U_RANDOM_PAIR_CLIP_PRUNED_DAY1_11520000_A3_A4_0-1,3,False,evidence_groundedness,PASS,True,,logit,14.3125,23.0,23.125,7.906991409238829e-05,0.4687535593916691,0.5311673706942385,0.6919691068993497,0.6298574247137273,2.531088300780146,3,0.5311673706942385,0.0624138113025694,0.69196911,0.62985742,3.1006504030983706e-09,4.713727297378512e-09,3,3,True
sampling,EGOLIFE2U_RANDOM_PAIR_CLIP_PRUNED_DAY3_20040000_A1_A4_0-1,3,False,qa_formality,FAIL,True,,logit,29.75,18.625,14.875,0.9999849143956223,1.4738976865558278e-05,3.466275121017974e-07,0.00018421292003840896,0.0001676778258704328,1.0000154322318897,1,0.9999849143956223,0.9999701754187568,0.00018421,0.00016768,2.9200384089606967e-09,2.1741295671878942e-09,1,1,True
sampling,EGOLIFE2U_RANDOM_PAIR_CLIP_PRUNED_DAY3_20040000_A1_A4_0-1,3,False,evidence_groundedness,FAIL,True,,logit,27.25,22.25,18.0,0.9932123286926722,0.006692212029569479,9.545927775839768e-05,0.041154870790515816,0.037460777760286536,1.0068831305850863,1,0.9932123286926722,0.9865201166631027,0.04115487,0.03746078,7.905158125320888e-10,2.2397134633034277e-09,1,1,True
sampling,EGOLIFE2U_RANDOM_PAIR_CLIP_PRUNED_DAY2_13460000_A1_A5_0-1,3,False,qa_formality,FAIL,True,,logit,29.5,18.75,14.625,0.9999782084338248,2.1444940987554678e-05,3.4662518759587665e-07,0.00025748096889654013,0.00023436927799951545,1.0000221381913628,1,0.9999782084338248,0.9999567634928372,0.00025748,0.00023437,9.688965401473057e-10,7.220004845452221e-10,1,1,True
sampling,EGOLIFE2U_RANDOM_PAIR_CLIP_PRUNED_DAY2_13460000_A1_A5_0-1,3,False,evidence_groundedness,FAIL,True,,logit,28.5,20.625,18.75,0.9995617685094368,0.0003799623733896503,5.826911717349015e-05,0.0039986551249307795,0.0036397327484644325,1.0004965006077366,1,0.9995617685094368,0.9991818061360471,0.00399866,0.00363973,4.875069220706962e-09,2.7484644326072893e-09,1,1,True
sampling,EGOLIFE2U_RANDOM_PAIR_CLIP_PRUNED_DAY2_21140000_A2_A3_0-1,3,False,qa_formality,PASS,True,,logit,12.8125,21.75,24.5,7.893464001588068e-06,0.060086175882197494,0.9399059306538009,0.22730472103491545,0.20690167348345043,2.9398980371897996,3,0.9399059306538009,0.8798197547716035,0.22730472,0.20690167,1.034915458886232e-09,3.4834504170078162e-09,3,3,True
sampling,EGOLIFE2U_RANDOM_PAIR_CLIP_PRUNED_DAY2_21140000_A2_A3_0-1,3,False,evidence_groundedness,PASS,True,,logit,14.6875,22.5,23.75,9.010641548618306e-05,0.22268007211407104,0.7772298214704428,0.5311858713536183,0.4835062167360202,2.7771397150549566,3,0.7772298214704428,0.5545497493563718,0.53118587,0.48350622,1.3536183285367542e-09,3.263979808654227e-09,3,3,True
sampling,EGOLIFE2U_RANDOM_PAIR_CLIP_PRUNED_DAY6_10390000_A3_A5_0-1,1,True,qa_formality,PASS,True,,logit,14.0,22.0,26.375,4.170336872594058e-06,0.01243159900901388,0.9875642306541136,0.06695359420497576,0.060943787809024236,2.987560060317241,3,0.9875642306541136,0.9751326316450997,0.06695359,0.06094379,4.204975770361052e-09,2.1909757619287262e-09,3,3,True
sampling,EGOLIFE2U_RANDOM_PAIR_CLIP_PRUNED_DAY6_10390000_A3_A5_0-1,1,True,evidence_groundedness,PASS,True,,logit,14.4375,22.875,23.0,0.00010152549934395426,0.4687430324237878,0.5311554420768683,0.6921627571116815,0.6300336927332364,2.5310539165775245,3,0.5311554420768683,0.06241240965308048,0.69216276,0.63003369,2.88831847328197e-09,2.7332364149756927e-09,3,3,True
sampling,EGOLIFE2U_RANDOM_PAIR_CLIP_PRUNED_DAY7_19220000_A1_A2_0-1,3,False,qa_formality,PASS,True,,logit,12.4375,21.375,24.0,8.873466083962696e-06,0.06754609176635618,0.9324450347675598,0.24735616348870762,0.22515328295534276,2.9324361613014758,3,0.9324450347675598,0.8648989430012036,0.24735616,0.22515328,3.488707628340748e-09,2.955342748300893e-09,3,3,True
sampling,EGOLIFE2U_RANDOM_PAIR_CLIP_PRUNED_DAY7_19220000_A1_A2_0-1,3,False,evidence_groundedness,FAIL,True,,logit,28.875,18.5,17.375,0.9999586687297622,3.120159532874755e-05,1.0129674908994652e-05,0.00048153993738743423,0.0004383165401974738,1.0000514609451467,1,0.9999586687297622,0.9999274671344335,0.00048154,0.00043832,6.261256573977803e-11,3.459802526233329e-09,1,1,True
sampling,EGOLIFE2U_RANDOM_PAIR_CLIP_PRUNED_DAY6_11133000_A4_A5_0-1,1,True,qa_formality,PASS,True,,logit,15.75,22.25,27.875,5.402733775202391e-06,0.0035935831661420485,0.9964010141000827,0.0238848912871697,0.021740964973299432,2.996395611366308,3,0.9964010141000827,0.9928074309339407,0.02388489,0.02174096,1.2871697006866523e-09,4.973299431998424e-09,3,3,True
sampling,EGOLIFE2U_RANDOM_PAIR_CLIP_PRUNED_DAY6_11133000_A4_A5_0-1,1,True,evidence_groundedness,PASS,True,,logit,15.25,22.875,25.125,4.653745445429861e-05,0.0953450275777295,0.9046084349678162,0.31523896686673003,0.2869428734034155,2.904561897513362,3,0.9046084349678162,0.8092634073900866,0.31523897,0.28694287,3.1332699768071848e-09,3.403415493874462e-09,3,3,True
sampling,EGOLIFE2U_RANDOM_PAIR_CLIP_PRUNED_DAY4_21340000_A1_A5_0-1,3,False,qa_formality,FAIL,True,,logit,29.5,20.375,14.875,0.999890658101853,0.00010889686156344564,4.4503658357586505e-07,0.0011095403982094123,0.0010099471939773686,1.0001097869347306,1,0.999890658101853,0.9997817612402895,0.00110954,0.00100995,3.982094122761265e-10,2.8060226312659475e-09,1,1,True
sampling,EGOLIFE2U_RANDOM_PAIR_CLIP_PRUNED_DAY4_21340000_A1_A5_0-1,3,False,evidence_groundedness,PASS,True,,logit,14.625,22.375,23.875,7.857225950512495e-05,0.18241119022075947,0.8175102375197355,0.4758354320607807,0.43312407568065203,2.8174316652602305,3,0.8175102375197355,0.635099047298976,0.47583543,0.43312408,2.060780712742627e-09,4.319347990389133e-09,3,3,True
sampling,EGOLIFE2U_RANDOM_PAIR_CLIP_PRUNED_DAY1_19320000_A2_A3_0-1,3,False,qa_formality,PASS,True,,logit,11.0,21.25,21.5,1.54801051048962e-05,0.43781672156041823,0.5621677983344769,0.6855716215974724,0.6240341826401901,2.5621523182293724,3,0.5621677983344769,0.12435107677405871,0.68557162,0.62403418,1.597472376602127e-09,2.6401900665717903e-09,3,3,True
sampling,EGOLIFE2U_RANDOM_PAIR_CLIP_PRUNED_DAY1_19320000_A2_A3_0-1,3,False,evidence_groundedness,PASS,True,,logit,14.75,22.75,23.5,0.00010761197507822766,0.32078677661077815,0.6791056114141437,0.6285103111205803,0.5720947395213899,2.6789979994390656,3,0.6791056114141437,0.35831883480336557,0.62851031,0.57209474,1.1205802952218846e-09,4.786101515108498e-10,3,3,True
sampling,EGOLIFE2U_RANDOM_PAIR_CLIP_PRUNED_DAY6_15200000_A1_A6_0-1,3,False,qa_formality,PASS,True,,logit,14.25,22.125,21.875,0.0002136539096723454,0.562056389678458,0.43772995641186974,0.6872681102574011,0.6255783931659847,2.4375163025021975,2,0.562056389678458,0.12432643326658821,0.68726811,0.62557839,2.5740110043415143e-10,3.1659846966292093e-09,2,2,True
sampling,EGOLIFE2U_RANDOM_PAIR_CLIP_PRUNED_DAY6_15200000_A1_A6_0-1,3,False,evidence_groundedness,FAIL,True,,logit,28.875,20.625,18.125,0.9997173759333261,0.0002611847193457496,2.1439347328079247e-05,0.0026679109307613047,0.002428437182325456,1.000304063414002,1,0.9997173759333261,0.9994561912139803,0.00266791,0.00242844,9.307613048348262e-10,2.8176745442073936e-09,1,1,True
sampling,EGOLIFE2U_RANDOM_PAIR_CLIP_PRUNED_DAY4_16533000_A1_A4_0-1,3,False,qa_formality,PASS,True,,logit,14.5,22.125,26.5,6.067792832250542e-06,0.01243157542050388,0.9875623567866639,0.06697659406610608,0.060964723184832016,2.987556288993832,3,0.9875623567866639,0.97513078136616,0.06697659,0.06096472,4.066106076838771e-09,3.1848320161675936e-09,3,3,True
sampling,EGOLIFE2U_RANDOM_PAIR_CLIP_PRUNED_DAY4_16533000_A1_A4_0-1,3,False,evidence_groundedness,PASS,True,,logit,14.4375,23.0,23.5,7.215823478532856e-05,0.3775134261299253,0.6224144156352893,0.6635597920861274,0.6039981519691415,2.6223422574005038,3,0.6224144156352893,0.24490098950536404,0.66355979,0.60399815,2.0861273819505755e-09,1.9691415165112858e-09,3,3,True
sampling,EGOLIFE2U_RANDOM_PAIR_CLIP_PRUNED_DAY5_23170000_A1_A5_0-1,1,True,qa_formality,PASS,True,,logit,13.6875,21.875,25.875,5.002089013830562e-06,0.017986119993468302,0.9820088779175178,0.09016037295306341,0.08206750814918366,2.9820038758285037,3,0.9820088779175178,0.9640227579240495,0.09016037,0.08206751,2.9530634049201865e-09,1.8508163335262395e-09,3,3,True
sampling,EGOLIFE2U_RANDOM_PAIR_CLIP_PRUNED_DAY5_23170000_A1_A5_0-1,1,True,evidence_groundedness,PASS,True,,logit,15.6875,24.375,22.375,0.00014855183937804547,0.8806662339518301,0.11918521420879195,0.3667375464394485,0.33381890064606745,2.119036662369414,2,0.8806662339518301,0.7614810197430382,0.36673755,0.3338189,3.560551520287447e-09,6.460674772945652e-10,2,2,True
sampling,EGOLIFE2U_RANDOM_PAIR_CLIP_PRUNED_DAY6_21120000_A1_A6_0-1,3,False,qa_formality,PASS,True,,logit,14.5625,22.125,26.75,5.044253137451549e-06,0.009708427509461114,0.9902865282374014,0.05472390933245152,0.04981184890876784,2.9902814839842637,3,0.9902865282374014,0.9805781007279403,0.05472391,0.04981185,6.67548481769753e-10,1.0912321601885822e-09,3,3,True
sampling,EGOLIFE2U_RANDOM_PAIR_CLIP_PRUNED_DAY6_21120000_A1_A6_0-1,3,False,evidence_groundedness,FAIL,True,,logit,27.75,21.625,17.0,0.9977959321195485,0.0021826697392705254,2.1398141180935402e-05,0.015805382583757868,0.014386679219581045,1.0022254660216323,1,0.9977959321195485,0.995613262380278,0.01580538,0.01438668,2.5837578673804096e-09,7.804189551541274e-10,1,1,True
sampling,EGOLIFE2U_RANDOM_PAIR_CLIP_PRUNED_DAY1_17193000_A1_A3_0-1,2,True,qa_formality,PASS,True,,logit,14.8125,22.5,27.375,3.4743276880227267e-06,0.007577214942041674,0.9924193107302702,0.04459213782209154,0.04058951304481794,2.992415836402582,3,0.9924193107302702,0.9848420957882286,0.04459214,0.04058951,2.1779084646844638e-09,3.0448179394459984e-09,3,3,True
sampling,EGOLIFE2U_RANDOM_PAIR_CLIP_PRUNED_DAY1_17193000_A1_A3_0-1,2,True,evidence_groundedness,PASS,True,,logit,14.625,23.25,23.375,8.416905619235299e-05,0.4687511689616488,0.5311646619821588,0.6920135832776645,0.6298979088579278,2.5310804929259665,3,0.5311646619821588,0.062413493020510025,0.69201358,0.62989791,3.277664473166908e-09,1.1420721035548809e-09,3,3,True
sampling,EGOLIFE2U_RANDOM_PAIR_CLIP_PRUNED_DAY7_14383000_A2_A3_0-1,1,True,qa_formality,PASS,True,,logit,13.75,22.0,26.0,4.6990291850418796e-06,0.017986125444366015,0.982009175526449,0.09015669184301607,0.08206415745842104,2.9820044764972637,3,0.982009175526449,0.9640230500820829,0.09015669,0.08206416,1.8430160730886769e-09,2.541578961179347e-09,3,3,True
sampling,EGOLIFE2U_RANDOM_PAIR_CLIP_PRUNED_DAY7_14383000_A2_A3_0-1,1,True,evidence_groundedness,PASS,True,,logit,14.875,22.75,24.375,6.253356090245228e-05,0.16450617509631116,0.8354312913427864,0.4477237742619451,0.4075357420266416,2.8353687577818842,3,0.8354312913427864,0.6709251162464752,0.44772377,0.40753574,4.261945074635065e-09,2.0266416322911596e-09,3,3,True
sampling,EGOLIFE2U_RANDOM_PAIR_CLIP_PRUNED_DAY6_12530000_A2_A4_0-1,1,True,qa_formality,PASS,True,,logit,13.9375,22.125,26.25,4.423679775812592e-06,0.015906321347031387,0.9840892549731928,0.0817067218836232,0.07437266333756326,2.984084831293417,3,0.9840892549731928,0.9681829336261614,0.08170672,0.07437266,1.883623201859308e-09,3.337563267424848e-09,3,3,True
sampling,EGOLIFE2U_RANDOM_PAIR_CLIP_PRUNED_DAY6_12530000_A2_A4_0-1,1,True,evidence_groundedness,PASS,True,,logit,15.4375,22.625,24.75,8.064909852116637e-05,0.10668198944542878,0.8932373614560499,0.3403532034239185,0.3098028366645542,2.8931567123575284,3,0.8932373614560499,0.7865553720106211,0.3403532,0.30980284,3.423918482070576e-09,3.3354458084389194e-09,3,3,True
sampling,EGOLIFE2U_RANDOM_PAIR_CLIP_PRUNED_DAY3_12083000_A2_A5_0-1,3,False,qa_formality,PASS,True,,logit,14.6875,22.125,27.0,4.4611206551010125e-06,0.007577207464873282,0.9924183314144717,0.04460436947426306,0.04060064677443091,2.9924138702938166,3,0.9924183314144717,0.9848411239495983,0.04460437,0.04060065,5.257369400935019e-10,3.225569089604363e-09,3,3,True
sampling,EGOLIFE2U_RANDOM_PAIR_CLIP_PRUNED_DAY3_12083000_A2_A5_0-1,3,False,evidence_groundedness,FAIL,True,,logit,28.5,20.0,17.125,0.9997850989234982,0.00020342464343910973,1.147643306276698e-05,0.002074578066368297,0.001888362334708078,1.0002263775095648,1,0.9997850989234982,0.9995816742800591,0.00207458,0.00188836,1.9336317031055927e-09,2.3347080781253166e-09,1,1,True
sampling,EGOLIFE2U_RANDOM_PAIR_CLIP_PRUNED_DAY3_22423000_A3_A4_0-1,1,True,qa_formality,PASS,True,,logit,13.4375,21.875,25.375,6.348723638867312e-06,0.029312044656104038,0.970681606620257,0.13242471120121582,0.12053816671007697,2.9706752578966182,3,0.970681606620257,0.941369561964153,0.13242471,0.12053817,1.2012158212559854e-09,3.2899230284488823e-09,3,3,True
sampling,EGOLIFE2U_RANDOM_PAIR_CLIP_PRUNED_DAY3_22423000_A3_A4_0-1,1,True,evidence_groundedness,PASS,True,,logit,15.0,23.375,23.0,0.00013662646347062634,0.5925856260125009,0.4072777475240285,0.6771333018906334,0.6163532930362069,2.4071411210605578,2,0.5925856260125009,0.18530787848847236,0.6771333,0.61635329,1.890633316570245e-09,3.0362068415001886e-09,2,2,True
sampling,EGOLIFE2U_RANDOM_PAIR_CLIP_PRUNED_DAY3_22480000_A1_A2_0-1,3,True,qa_formality,PASS,True,,logit,15.3125,22.125,27.75,3.952730200471538e-06,0.003593588376878638,0.996402458892921,0.02386712452204945,0.021724792966756716,2.996398506162721,3,0.996402458892921,0.9928088705160424,0.02386712,0.02172479,4.5220494501729824e-09,2.9667567152946717e-09,3,3,True
sampling,EGOLIFE2U_RANDOM_PAIR_CLIP_PRUNED_DAY3_22480000_A1_A2_0-1,3,True,evidence_groundedness,PASS,True,,logit,15.6875,24.625,23.5,9.916263243542134e-05,0.7548401275102656,0.24506070985729905,0.557828868414542,0.5077577177757765,2.244961547224864,2,0.7548401275102656,0.5097794176529666,0.55782887,0.50775772,1.5854579871188434e-09,2.2242234720692977e-09,2,2,True
sampling,EGOLIFE2U_RANDOM_PAIR_CLIP_PRUNED_DAY5_15283000_A3_A4_0-1,2,True,qa_formality,PASS,True,,logit,13.0625,21.625,24.75,8.04461910754577e-06,0.04208738933587866,0.9579045660450137,0.1746242370409938,0.15894983047449573,2.9578965214259063,3,0.9579045660450137,0.9158171767091351,0.17462424,0.15894983,2.9590061789708244e-09,4.744957482483159e-10,3,3,True
sampling,EGOLIFE2U_RANDOM_PAIR_CLIP_PRUNED_DAY5_15283000_A3_A4_0-1,2,True,evidence_groundedness,PASS,True,,logit,19.25,29.375,21.625,4.004644321360333e-05,0.9995294137177414,0.0004305398390449074,0.0042128510328684945,0.003834702266052291,2.000390493395831,2,0.9995294137177414,0.9990988738786964,0.00421285,0.0038347,1.0328684947255584e-09,2.266052291123588e-09,2,2,True
sampling,EGOLIFE2U_RANDOM_PAIR_CLIP_PRUNED_DAY2_13103000_A1_A3_0-1,3,True,qa_formality,PASS,True,,logit,12.125,21.5,23.25,1.255694439140003e-05,0.1480453390112565,0.8519421040443521,0.41945574673737085,0.381805074514407,2.851929547099961,3,0.8519421040443521,0.7038967650330956,0.41945575,0.38180507,3.2626291668336194e-09,4.514406959366113e-09,3,3,True
sampling,EGOLIFE2U_RANDOM_PAIR_CLIP_PRUNED_DAY2_13103000_A1_A3_0-1,3,True,evidence_groundedness,PASS,True,,logit,14.5,22.625,23.5,8.70932061254448e-05,0.294189348037773,0.7057235587561016,0.6067311963921951,0.5522705349744074,2.705636465549976,3,0.7057235587561016,0.4115342107183286,0.6067312,0.55227053,3.6078049436838455e-09,4.974407330493591e-09,3,3,True
sampling,EGOLIFE2U_RANDOM_PAIR_CLIP_PRUNED_DAY4_18220000_A1_A3_0-1,2,True,qa_formality,PASS,True,,logit,13.9375,22.0,25.875,6.407455598299483e-06,0.0203322230640075,0.9796613694803942,0.09941216175145683,0.09048884922994811,2.979654962024796,3,0.9796613694803942,0.9593291464163867,0.09941216,0.09048885,1.7514568267928965e-09,7.7005188336976e-10,3,3,True
sampling,EGOLIFE2U_RANDOM_PAIR_CLIP_PRUNED_DAY4_18220000_A1_A3_0-1,2,True,evidence_groundedness,PASS,True,,logit,15.9375,23.0,25.875,4.574500624977898e-05,0.05340088686416878,0.9465533681295814,0.2089100659447551,0.19015813686011548,2.9465076231233316,3,0.9465533681295814,0.8931524812654126,0.20891007,0.19015814,4.055244889888954e-09,3.1398845190544478e-09,3,3,True
sampling,EGOLIFE2U_RANDOM_PAIR_CLIP_PRUNED_DAY6_10570000_A3_A6_0-1,2,True,qa_formality,PASS,True,,logit,14.1875,22.25,26.25,5.668105653050594e-06,0.017986108014353196,0.9820082238799939,0.09016839962137915,0.08207481433754377,2.982002555774341,3,0.9820082238799939,0.9640221158656407,0.0901684,0.08207481,3.7862084301121257e-10,4.337543768606622e-09,3,3,True
sampling,EGOLIFE2U_RANDOM_PAIR_CLIP_PRUNED_DAY6_10570000_A3_A6_0-1,2,True,evidence_groundedness,PASS,True,,logit,14.6875,22.5,24.375,5.380044284580522e-05,0.13295708666282396,0.8669891128943302,0.3925445887786067,0.35730948290638886,2.8669353124514845,3,0.8669891128943302,0.7340320262315063,0.39254459,0.35730948,1.2213933198168547e-09,2.9063888518088277e-09,3,3,True
sampling,EGOLIFE2U_RANDOM_PAIR_CLIP_PRUNED_DAY4_12500000_A1_A6_0-1,3,False,qa_formality,PASS,True,,logit,14.375,22.0,26.5,5.362645680734251e-06,0.010986883711512737,0.9890077536428065,0.06055910628933987,0.055123274074021164,2.9890023909971255,3,0.9890077536428065,0.9780208699312938,0.06055911,0.05512327,3.710660126388099e-09,4.074021162092656e-09,3,3,True
sampling,EGOLIFE2U_RANDOM_PAIR_CLIP_PRUNED_DAY4_12500000_A1_A6_0-1,3,False,evidence_groundedness,FAIL,True,,logit,26.25,22.625,17.375,0.9739099848582766,0.02595382198333671,0.00013619315838663768,0.12172771659066928,0.11080134260854163,1.02622620830011,1,0.9739099848582766,0.9479561628749399,0.12172772,0.11080134,3.4093307205163015e-09,2.6085416326981914e-09,1,1,True
sampling,EGOLIFE2U_RANDOM_PAIR_CLIP_PRUNED_DAY2_18360000_A2_A4_0-1,3,False,qa_formality,PASS,True,,logit,14.375,22.125,26.5,5.3548121978839535e-06,0.01243158428403019,0.9875630609037719,0.06696803344323969,0.06095693097009467,2.987557706091574,3,0.9875630609037719,0.9751314766197416,0.06696803,0.06095693,3.4432396933681275e-09,9.70094671259858e-10,3,3,True
sampling,EGOLIFE2U_RANDOM_PAIR_CLIP_PRUNED_DAY2_18360000_A2_A4_0-1,3,False,evidence_groundedness,FAIL,True,,logit,28.5,21.125,19.0,0.9992989133390117,0.0006262873087200901,7.479935226821576e-05,0.006030795285527216,0.005489466436643069,1.0007758860132565,1,0.9992989133390117,0.9986726260302916,0.0060308,0.00548947,4.714472784383972e-09,3.563356930705308e-09,1,1,True
sampling,EGOLIFE2U_RANDOM_PAIR_CLIP_PRUNED_DAY2_12420000_A2_A4_0-1,1,True,qa_formality,PASS,True,,logit,13.0,21.75,25.0,5.91483304554023e-06,0.037326666561822715,0.9626674186051318,0.15942993086079157,0.14511937696789706,2.9626615037720865,3,0.9626674186051318,0.9253407520433091,0.15942993,0.14511938,8.6079157690655e-10,3.0321029298452373e-09,3,3,True
sampling,EGOLIFE2U_RANDOM_PAIR_CLIP_PRUNED_DAY2_12420000_A2_A4_0-1,1,True,evidence_groundedness,PASS,True,,logit,14.4375,23.375,23.0,7.785198835529784e-05,0.5926204596808315,0.40730168833081315,0.6766350544287991,0.6158997686518781,2.4072238363424576,2,0.5926204596808315,0.1853187713500184,0.67663505,0.61589977,4.428799105227199e-09,1.34812183638644e-09,2,2,True
sampling,EGOLIFE2U_RANDOM_PAIR_CLIP_PRUNED_DAY1_18003000_A1_A5_0-1,3,False,qa_formality,PASS,True,,logit,13.375,21.875,25.25,6.731904741024527e-06,0.033085755657049354,0.9669075124382096,0.14539679862178034,0.13234586953150734,2.9669007805334684,3,0.9669075124382096,0.9338217567811602,0.1453968,0.13234587,1.3782196495171206e-09,4.684926613318652e-10,3,3,True
sampling,EGOLIFE2U_RANDOM_PAIR_CLIP_PRUNED_DAY1_18003000_A1_A5_0-1,3,False,evidence_groundedness,FAIL,True,,logit,27.125,22.625,21.375,0.9859095995313041,0.010952466328213116,0.003137934140482771,0.08151983241280614,0.07420254921018204,1.0172283346091786,1,0.9859095995313041,0.974957133203091,0.08151983,0.07420255,2.4128061354433683e-09,7.898179610332789e-10,1,1,True
sampling,EGOLIFE2U_RANDOM_PAIR_CLIP_PRUNED_DAY1_13380000_A2_A4_0-1,3,False,qa_formality,FAIL,True,,logit,29.375,20.0,15.0625,0.9999145807024264,8.481099013239297e-05,6.083074411809499e-07,0.0008892323787526038,0.000809414192727313,1.0000860276050147,1,0.9999145807024264,0.9998297697122941,0.00088923,0.00080941,2.3787526038559006e-09,4.192727313012852e-09,1,1,True
sampling,EGOLIFE2U_RANDOM_PAIR_CLIP_PRUNED_DAY1_13380000_A2_A4_0-1,3,False,evidence_groundedness,FAIL,True,,logit,28.25,21.125,15.8125,0.9991919534554734,0.0008040827483965156,3.96379613000939e-06,0.0065867624868029,0.005995529591962136,1.0008120103406564,1,0.9991919534554734,0.9983878707070769,0.00658676,0.00599553,2.486802900755758e-09,4.080378639137461e-10,1,1,True
sampling,EGOLIFE2U_RANDOM_PAIR_CLIP_PRUNED_DAY6_16390000_A1_A2_0-1,3,False,qa_formality,FAIL,True,,logit,29.75,20.25,15.1875,0.9999246800528517,7.484619205182951e-05,4.7375509651902624e-07,0.0007932606669233651,0.000722056975973813,1.0000757937022449,1,0.9999246800528517,0.9998498338608,0.00079326,0.00072206,6.669233651663067e-10,3.024026186903249e-09,1,1,True
sampling,EGOLIFE2U_RANDOM_PAIR_CLIP_PRUNED_DAY6_16390000_A1_A2_0-1,3,False,evidence_groundedness,PASS,True,,logit,16.625,24.25,23.0,0.00037925247801918815,0.7770050682761767,0.22261567924580414,0.5334698049599527,0.48558514269551706,2.2222364267677848,2,0.7770050682761767,0.5543893890303725,0.5334698,0.48558514,4.959952670802181e-09,2.695517031803263e-09,2,2,True
sampling,EGOLIFE2U_RANDOM_PAIR_CLIP_PRUNED_DAY2_16080000_A3_A4_0-1,3,False,qa_formality,PASS,True,,logit,14.8125,26.125,22.0,1.202471694809357e-05,0.9840817748410953,0.015906200441956713,0.08179538730311095,0.07445337008042634,2.0158941757250086,2,0.9840817748410953,0.9681755743991386,0.08179539,0.07445337,2.6968890454170946e-09,8.042633226068574e-11,2,2,True
sampling,EGOLIFE2U_RANDOM_PAIR_CLIP_PRUNED_DAY2_16080000_A3_A4_0-1,3,False,evidence_groundedness,FAIL,True,,logit,28.875,20.0,16.875,0.9998540354678076,0.00013982121667620228,6.1433155162463655e-06,0.0014606082702477165,0.0013295029423150441,1.0001521078477087,1,0.9998540354678076,0.9997142142511314,0.00146061,0.0013295,1.7297522834653495e-09,2.942315044168406e-09,1,1,True
sampling,EGOLIFE2U_RANDOM_PAIR_CLIP_PRUNED_DAY6_20330000_A2_A6_0-1,1,True,qa_formality,PASS,True,,logit,12.9375,21.5,24.625,8.04461910754577e-06,0.04208738933587866,0.9579045660450137,0.1746242370409938,0.15894983047449573,2.9578965214259063,3,0.9579045660450137,0.9158171767091351,0.17462424,0.15894983,2.9590061789708244e-09,4.744957482483159e-10,3,3,True
sampling,EGOLIFE2U_RANDOM_PAIR_CLIP_PRUNED_DAY6_20330000_A2_A6_0-1,1,True,evidence_groundedness,PASS,True,,logit,15.0,22.875,24.25,7.67091651146896e-05,0.20179774133659012,0.7981255494982952,0.5036708178241833,0.4584609356907913,2.7980488403331805,3,0.7981255494982952,0.596327808161705,0.50367082,0.45846094,2.1758166379726163e-09,4.309208656572139e-09,3,3,True
sampling,EGOLIFE2U_RANDOM_PAIR_CLIP_PRUNED_DAY5_12410000_A5_A6_0-1,3,False,qa_formality,PASS,True,,logit,15.1875,22.125,27.25,5.737802009195865e-06,0.0059110349397010365,0.9940832272582898,0.036297612497290646,0.033039510727934464,2.9940774894562807,3,0.9940832272582898,0.9881721923185888,0.03629761,0.03303951,2.4972906451092847e-09,7.279344627075801e-10,3,3,True
sampling,EGOLIFE2U_RANDOM_PAIR_CLIP_PRUNED_DAY5_12410000_A5_A6_0-1,3,False,evidence_groundedness,FAIL,True,,logit,27.0,22.75,16.875,0.9858974282002116,0.014063071526128618,3.95002736597871e-05,0.07437095224217305,0.06769535805241705,1.0141420720734482,1,0.9858974282002116,0.971834356674083,0.07437095,0.06769536,2.2421730444532884e-09,1.947582942141146e-09,1,1,True
sampling,EGOLIFE2U_RANDOM_PAIR_CLIP_PRUNED_DAY7_14280000_A3_A6_0-1,3,False,qa_formality,FAIL,True,,logit,29.25,19.875,14.9375,0.9999145807024264,8.481099013239297e-05,6.083074411809499e-07,0.0008892323787526038,0.000809414192727313,1.0000860276050147,1,0.9999145807024264,0.9998297697122941,0.00088923,0.00080941,2.3787526038559006e-09,4.192727313012852e-09,1,1,True
sampling,EGOLIFE2U_RANDOM_PAIR_CLIP_PRUNED_DAY7_14280000_A3_A6_0-1,3,False,evidence_groundedness,PASS,True,,logit,15.25,23.5,23.125,0.0001548152493922909,0.5925748461265914,0.4072703386240163,0.6772816941658425,0.6164883655060306,2.4071155233746238,2,0.5925748461265914,0.1853045075025751,0.67728169,0.61648837,4.165842448777823e-09,4.493969418817301e-09,2,2,True
sampling,EGOLIFE2U_RANDOM_PAIR_CLIP_PRUNED_DAY3_15333000_A3_A5_0-1,3,False,qa_formality,PASS,True,,logit,14.0,22.0,26.0,6.033664854558337e-06,0.01798610143932864,0.9820078648958167,0.09017277133643628,0.0820787936440764,2.982001831230962,3,0.9820078648958167,0.964021763456488,0.09017277,0.08207879,1.3364362810852626e-09,3.644076401743135e-09,3,3,True
sampling,EGOLIFE2U_RANDOM_PAIR_CLIP_PRUNED_DAY3_15333000_A3_A5_0-1,3,False,evidence_groundedness,FAIL,True,,logit,26.75,21.875,15.8125,0.9924052485819227,0.007577107576214121,1.764384186317797e-05,0.044755117356273945,0.04073786340996814,1.0076123952599405,1,0.9924052485819227,0.9848281410057086,0.04475512,0.04073786,2.6437260575162824e-09,3.4099681411881022e-09,1,1,True
sampling,EGOLIFE2U_RANDOM_PAIR_CLIP_PRUNED_DAY1_11400000_A3_A6_0-1,3,False,qa_formality,PASS,True,,logit,13.5625,21.875,25.75,4.990138510094771e-06,0.020332251881399338,0.9796627579800906,0.09939518440557195,0.0904733957837597,2.9796577678415805,3,0.9796627579800906,0.9593305060986913,0.09939518,0.0904734,4.405571948917775e-09,4.216240301335716e-09,3,3,True
sampling,EGOLIFE2U_RANDOM_PAIR_CLIP_PRUNED_DAY1_11400000_A3_A6_0-1,3,False,evidence_groundedness,PASS,True,,logit,14.9375,22.625,24.5,6.096345187665479e-05,0.13295613423877065,0.8669829023093527,0.3926117376220904,0.3573706044177503,2.8669219388574763,3,0.8669829023093527,0.7340267680705821,0.39261174,0.3573706,2.3779095914555626e-09,4.417750332219583e-09,3,3,True
sampling,EGOLIFE2U_RANDOM_PAIR_CLIP_PRUNED_DAY7_12303000_A1_A3_0-1,3,False,qa_formality,PASS,True,,logit,14.5625,22.0,26.375,7.319146102575962e-06,0.012431559864116927,0.9875611209897804,0.06699142126790922,0.06097821948553435,2.987553801843678,3,0.9875611209897804,0.9751295611256635,0.06699142,0.06097822,1.2679092220579946e-09,5.144656506361756e-10,3,3,True
sampling,EGOLIFE2U_RANDOM_PAIR_CLIP_PRUNED_DAY7_12303000_A1_A3_0-1,3,False,evidence_groundedness,FAIL,True,,logit,28.25,21.0,16.0,0.9992855512956583,0.0007096670056705838,4.781698671208079e-06,0.005918365644276787,0.005387128566941347,1.000719230403013,1,0.9992855512956583,0.9985758842899878,0.00591837,0.00538713,4.355723212667861e-09,1.4330586535146739e-09,1,1,True
sampling,EGOLIFE2U_RANDOM_PAIR_CLIP_PRUNED_DAY7_15050000_A1_A2_0-1,3,False,qa_formality,PASS,True,,logit,15.5,22.25,28.125,3.2795375497245662e-06,0.0028009177813758104,0.9971958026810744,0.01930493257315863,0.01757210689547515,2.9971925231435246,3,0.9971958026810744,0.9943948848996986,0.01930493,0.01757211,2.5731586271449114e-09,3.1045248490013666e-09,3,3,True
sampling,EGOLIFE2U_RANDOM_PAIR_CLIP_PRUNED_DAY7_15050000_A1_A2_0-1,3,False,evidence_groundedness,PASS,True,,logit,15.0,23.25,23.0,0.00014685185293621854,0.5620939442249658,0.43775920392209794,0.6867376112828172,0.6250955121896331,2.437612352069162,2,0.5620939442249658,0.1243347403028679,0.68673761,0.62509551,1.2828171858103588e-09,2.1896331414694714e-09,2,2,True
sampling,EGOLIFE2U_RANDOM_PAIR_CLIP_PRUNED_DAY5_16253000_A4_A6_0-1,1,True,qa_formality,PASS,True,,logit,13.875,21.875,26.25,4.170336872594058e-06,0.01243159900901388,0.9875642306541136,0.06695359420497576,0.060943787809024236,2.987560060317241,3,0.9875642306541136,0.9751326316450997,0.06695359,0.06094379,4.204975770361052e-09,2.1909757619287262e-09,3,3,True
sampling,EGOLIFE2U_RANDOM_PAIR_CLIP_PRUNED_DAY5_16253000_A4_A6_0-1,1,True,evidence_groundedness,PASS,True,,logit,15.0,22.5,24.25,8.187588706571263e-05,0.14803507653602305,0.8518830475769112,0.4201247655705645,0.382414041699732,2.8518011716898455,3,0.8518830475769112,0.7038479710408883,0.42012477,0.38241404,4.429435485064914e-09,1.6997319662870325e-09,3,3,True
sampling,EGOLIFE2U_RANDOM_PAIR_CLIP_PRUNED_DAY4_11360000_A2_A4_0-1,1,True,qa_formality,PASS,True,,logit,15.375,22.125,27.625,4.765618594127496e-06,0.004070118319172147,0.9959251160622338,0.02652723848374527,0.02414613304198997,2.99592035044364,3,0.9959251160622338,0.9918549977430616,0.02652724,0.02414613,1.5162547294111928e-09,3.0419899724187793e-09,3,3,True
sampling,EGOLIFE2U_RANDOM_PAIR_CLIP_PRUNED_DAY4_11360000_A2_A4_0-1,1,True,evidence_groundedness,PASS,True,,logit,14.5625,22.5,24.0,6.513956606779777e-05,0.1824136406868959,0.8175212197470363,0.47571363535560257,0.43301321154192496,2.8174560801809685,3,0.8175212197470363,0.6351075790601404,0.47571364,0.43301321,4.644397422204349e-09,1.5419249765891152e-09,3,3,True
sampling,EGOLIFE2U_RANDOM_PAIR_CLIP_PRUNED_DAY4_18280000_A3_A6_0-1,3,False,qa_formality,PASS,True,,logit,14.4375,22.0,26.5,5.708504637932671e-06,0.010986879911580216,0.9890074115837818,0.060563271808831406,0.05512706569326164,2.989001703079144,3,0.9890074115837818,0.9780205316722016,0.06056327,0.05512707,1.8088314041042608e-09,4.3067383617700905e-09,3,3,True
sampling,EGOLIFE2U_RANDOM_PAIR_CLIP_PRUNED_DAY4_18280000_A3_A6_0-1,3,False,evidence_groundedness,PASS,True,,logit,15.875,23.0,25.625,5.4354097556239395e-05,0.06754301970018929,0.9324026262022544,0.24782093438393735,0.22557633565557533,2.9323482721046985,3,0.9324026262022544,0.8648596065020652,0.24782093,0.22557634,4.383937352026024e-09,4.344424653357493e-09,3,3,True
sampling,EGOLIFE2U_RANDOM_PAIR_CLIP_PRUNED_DAY6_16093000_A2_A5_0-1,3,True,qa_formality,PASS,True,,logit,15.625,22.25,28.125,3.7162012785086245e-06,0.0028009165583125968,0.9971953672404088,0.01931041040733458,0.01757709303501906,2.99719165103913,3,0.9971953672404088,0.9943944506820962,0.01931041,0.01757709,4.0733457926100947e-10,3.0350190589889525e-09,3,3,True
sampling,EGOLIFE2U_RANDOM_PAIR_CLIP_PRUNED_DAY6_16093000_A2_A5_0-1,3,True,evidence_groundedness,PASS,True,,logit,18.375,27.25,23.0,0.00013785594120369694,0.9858004557700936,0.01406168828870269,0.0752869690808816,0.06852915251126028,2.013923832347499,2,0.9858004557700936,0.9717387674813909,0.07528697,0.06852915,9.191183925061353e-10,2.511260283055705e-09,2,2,True
sampling,EGOLIFE2U_RANDOM_PAIR_CLIP_PRUNED_DAY6_20133000_A2_A6_0-1,3,False,qa_formality,PASS,True,,logit,14.0,21.875,26.0,6.046443545174999e-06,0.015906295534715217,0.9840876580217396,0.08172632894538605,0.0743905104542987,2.9840816115781945,3,0.9840876580217396,0.9681813624870244,0.08172633,0.07439051,1.0546139517231268e-09,4.542986958844253e-10,3,3,True
sampling,EGOLIFE2U_RANDOM_PAIR_CLIP_PRUNED_DAY6_20133000_A2_A6_0-1,3,False,evidence_groundedness,PASS,True,,logit,14.4375,23.375,23.375,6.568021213958195e-05,0.4999671598939302,0.4999671598939302,0.693799879825122,0.6315238660458118,2.4999014796817907,2,0.4999671598939302,0.0,0.69379988,0.63152387,1.7487800096915862e-10,3.954188199095654e-09,2,2,True
sampling,EGOLIFE2U_RANDOM_PAIR_CLIP_PRUNED_DAY1_13553000_A2_A3_0-1,3,False,qa_formality,FAIL,True,,logit,29.0,21.75,15.5,0.9992889605888563,0.000709669426863297,1.3699842804425997e-06,0.005874890452103017,0.005347555741639641,1.0007124093954243,1,0.9992889605888563,0.998579291161993,0.00587489,0.00534756,4.5210301734960323e-10,4.2583603596449415e-09,1,1,True
sampling,EGOLIFE2U_RANDOM_PAIR_CLIP_PRUNED_DAY1_13553000_A2_A3_0-1,3,False,evidence_groundedness,PASS,True,,logit,15.5,25.0,22.75,6.771016298456827e-05,0.9045892810657147,0.09534300877130067,0.3154392876559483,0.28712521324367085,2.095275298608316,2,0.9045892810657147,0.809246272294414,0.31543929,0.28712521,2.3440516749850815e-09,3.2436708319316665e-09,2,2,True
sampling,EGOLIFE2U_RANDOM_PAIR_CLIP_PRUNED_DAY6_11073000_A2_A4_0-1,1,True,qa_formality,PASS,True,,logit,15.0,22.5,27.625,3.269309106839095e-06,0.005911049531132553,0.9940856811597606,0.036267281565095726,0.03301190232367049,2.9940824118506537,3,0.9940856811597606,0.9881746316286281,0.03626728,0.0330119,1.5650957266299947e-09,2.323670492132557e-09,3,3,True
sampling,EGOLIFE2U_RANDOM_PAIR_CLIP_PRUNED_DAY6_11073000_A2_A4_0-1,1,True,evidence_groundedness,PASS,True,,logit,15.625,22.625,24.625,0.0001086871806460828,0.11918996619259821,0.8807013466267557,0.3663948211415094,0.3335069386359259,2.8805926594461093,3,0.8807013466267557,0.7615113804341574,0.36639482,0.33350694,1.1415093870148496e-09,1.3640740759157666e-09,3,3,True
sampling,EGOLIFE2U_RANDOM_PAIR_CLIP_PRUNED_DAY4_15383000_A1_A4_0-1,3,False,qa_formality,FAIL,True,,logit,29.375,20.625,15.125,0.9998409163912878,0.00015843611651631051,6.474921958000228e-07,0.001554639047159512,0.0014150934439703575,1.0001597311009078,1,0.9998409163912878,0.9996824802747715,0.00155464,0.00141509,9.52840487934703e-10,3.4439703575951663e-09,1,1,True
sampling,EGOLIFE2U_RANDOM_PAIR_CLIP_PRUNED_DAY4_15383000_A1_A4_0-1,3,False,evidence_groundedness,PASS,True,,logit,16.5,23.375,26.75,3.4186494585027034e-05,0.033084847295083104,0.9668809662103319,0.1456916582523972,0.13261426233364348,2.966846779715747,3,0.9668809662103319,0.9337961189152488,0.14569166,0.13261426,1.7476028124630005e-09,2.3336434729070987e-09,3,3,True
sampling,EGOLIFE2U_RANDOM_PAIR_CLIP_PRUNED_DAY6_17340000_A3_A6_0-1,3,True,qa_formality,PASS,True,,logit,13.625,21.75,25.75,5.324694320452744e-06,0.017986114191021526,0.9820085611146581,0.09016427130902799,0.08207105658570198,2.9820032364203373,3,0.9820085611146581,0.9640224469236366,0.09016427,0.08207106,1.3090279832317364e-09,3.414298024861928e-09,3,3,True
sampling,EGOLIFE2U_RANDOM_PAIR_CLIP_PRUNED_DAY6_17340000_A3_A6_0-1,3,True,evidence_groundedness,PASS,True,,logit,14.5,22.75,22.875,0.0001224605643623774,0.4687332182615393,0.5311443211740983,0.6923387628896659,0.6301939000964708,2.531021860609736,3,0.5311443211740983,0.06241110291255897,0.69233876,0.6301939,2.889665839944655e-09,9.647083132335865e-11,3,3,True
