"evidence_order","evidence_id","qa_count_for_evidence","run","question_type","question","option_A","option_B","option_C","option_D","option_E","model_correct_letter","model_answer","review_status","reviewer_answer","answer_correct","evidence_grounded","asker_alone_answerable","two_user_needed","wording_formality","error_tags","reviewer_notes","reviewed_at","qa_id","source_file","required_users","attempt_count","judge_video_source","video_1_user","video_1_url","video_2_user","video_2_url","generator_rationale","evidence_claims","referred_timestamps","single_user_answerability","combined_answerability","why_two_users_needed","review_key"
"1","EGOLIFE2U_RANDOM_PAIR_CLIP_PRUNED_DAY1_17243000_A1_A5_0-1","1","experiment","neutral","I was standing at the fruit counter looking at the pre-cut fruit display, but I couldn't see the end of the aisle behind me. Did you happen to grab a yellow box of drinks from the top shelf?","Yes, I grabbed one and put it in the cart","No, I was looking at the bottles on the shelf below","Yes, I grabbed two of them","No, I couldn't reach the top shelf","Yes, I put one in my pocket","A","Yes, I grabbed one and put it in the cart","Pass","","Unset","Unset","Unset","Unset","Unset","","judge failed to capture second person question
F2G3A2","2026-07-31T17:33:37.189Z","EGOLIFE2U_PRUNED_DAY1_17243000_A1_A5_REVISION_1","qa_mcq.jsonl","Jake | Katrina","3","full","Jake","https://huggingface.co/datasets/lmms-lab/EgoLife/resolve/main/A1_JAKE/DAY1/DAY1_A1_JAKE_17243000.mp4","Katrina","https://huggingface.co/datasets/lmms-lab/EgoLife/resolve/main/A5_KATRINA/DAY1/DAY1_A5_KATRINA_17243000.mp4","This question addresses a natural information gap where one person (Jake) is occupied with a different task (selecting fruit) while another (Katrina) completes a specific shopping action (grabbing a beverage item). The asker uses a shared-memory perspective ('Did you happen to grab...') to verify the outcome of an event they missed.","Jake: Jake is standing in the produce section, looking at and selecting pre-cut fruit packages from a refrigerated display case. He is spatially separated from the beverage aisle and cannot see the beverage shelves behind him. [00:00 - 00:27] | Katrina: Katrina is in the beverage aisle. She reaches up to the top shelf, grabs a single yellow box (Vita brand), and places it into the shopping cart. [00:05 - 00:10]","Katrina @ 5s: Katrina reaches for the yellow box | Katrina @ 9s: Katrina places the yellow box in the cart","{""Jake"":""insufficient because Jake is in a completely different section of the store (fruit section) and does not see the beverage aisle or the shopping of the yellow boxes."",""Katrina"":""sufficient because Katrina's view clearly shows her reaching for, selecting, and placing the yellow box into the cart.""}","sufficient because Jake's video establishes his presence in the fruit section (making him unable to verify the action), while Katrina's video provides the direct visual evidence of the yellow box being selected and added to the cart.","Jake cannot answer the question because he is spatially separated from the event. Katrina's view is required to confirm that the item was indeed selected and placed in the cart.","experiment::EGOLIFE2U_RANDOM_PAIR_CLIP_PRUNED_DAY1_17243000_A1_A5_0-1::EGOLIFE2U_PRUNED_DAY1_17243000_A1_A5_REVISION_1"
"2","EGOLIFE2U_RANDOM_PAIR_CLIP_PRUNED_DAY1_18303000_A1_A5_0-1","1","experiment","neutral","When we were hanging out in the area with the blue grid wall, I remember seeing a wall with a large orange painted section behind us, but I can't recall the color of the wall on the opposite side of the hallway. Was it white, blue, red, grey, or black?","a wall with a large red painted section","a wall with a large blue painted section","a wall with a large grey painted section","a wall with a large black painted section","a wall with a large yellow painted section","A","a wall with a large red painted section","Pass","","Unset","Unset","Unset","Unset","Unset","","F3/G3/A2","2026-07-31T17:34:46.494Z","EGOLIFE2U_RANDOM_PAIR_CLIP_PRUNED_DAY1_18303000_A1_A5_0-1_Q1","qa_mcq.jsonl","Jake | Katrina","1","full","Jake","https://huggingface.co/datasets/lmms-lab/EgoLife/resolve/main/A1_JAKE/DAY1/DAY1_A1_JAKE_18303000.mp4","Katrina","https://huggingface.co/datasets/lmms-lab/EgoLife/resolve/main/A5_KATRINA/DAY1/DAY1_A5_KATRINA_18303000.mp4","This question leverages the spatial difference between the two camera views. Jake is focused on the group and the orange/blue walls, creating a natural information gap about the rest of the environment. Katrina's wider angle fills this gap. The question is natural as a 'memory check' about the shared environment.","Jake: Jake's view shows the group standing in a hallway with a blue grid wall on one side and a large orange painted section on the wall to their right. The wall on the opposite side (left) is largely out of frame or indistinct in the peripheral view. [18:30:30 - 18:30:59] | Katrina: Katrina's view provides a wider perspective of the hallway, clearly showing that the wall opposite the blue grid wall features large red painted sections with text on them. [18:30:33 - 18:30:54]","Jake @ 4s: Jake shows the orange wall section clearly on the right side of the frame. | Katrina @ 4s: Katrina shows the red wall section clearly in the background, opposite the blue grid wall.","{""Jake"":""insufficient because the asker's view is oriented towards the orange wall and the blue grid wall, leaving the opposite wall (the red one) out of frame or obscured."",""Katrina"":""sufficient because the evidence provider's view captures the full width of the hallway, including the red wall section on the opposite side.""}","sufficient because Katrina's view supplies the specific visual detail (the red wall) that is missing from Jake's perspective, allowing for a definitive answer about the hallway's appearance.","Jake's view establishes the context (the blue grid and orange wall) but fails to show the opposite side. Katrina's view is required to identify the color of that opposite wall.","experiment::EGOLIFE2U_RANDOM_PAIR_CLIP_PRUNED_DAY1_18303000_A1_A5_0-1::EGOLIFE2U_RANDOM_PAIR_CLIP_PRUNED_DAY1_18303000_A1_A5_0-1_Q1"
"3","EGOLIFE2U_RANDOM_PAIR_CLIP_PRUNED_DAY1_20373000_A2_A3_0-1","1","experiment","neutral","I noticed a pot on the stove in the kitchen, but I wasn't sure if it was being used for cooking. What was happening with the pot on the burner?","The pot was empty and the burner was off","The pot was full of liquid and being stirred with a spoon","The pot contained raw meat and was sizzling","The pot was covered with a lid and steaming","The pot was sitting on a portable induction cooker","B","The pot was full of liquid and being stirred with a spoon","Pass","","Unset","Unset","Unset","Unset","Unset","","F3/G3/A2","2026-07-31T17:36:46.785Z","EGOLIFE2U_A2_A3_DAY1_KITCHEN_POT_PREP","qa_mcq.jsonl","Alice | Tasha","3","full","Alice","https://huggingface.co/datasets/lmms-lab/EgoLife/resolve/main/A2_ALICE/DAY1/DAY1_A2_ALICE_20373000.mp4","Tasha","https://huggingface.co/datasets/lmms-lab/EgoLife/resolve/main/A3_TASHA/DAY1/DAY1_A3_TASHA_20373000.mp4","This question addresses a natural information gap regarding the state and activity associated with a kitchen object. Alice is present in the kitchen but her attention and camera angle are directed elsewhere (sink/dining), making the stove's status invisible to her. Tasha's view fills this gap by facing the stove directly. The question asks for a specific visual detail (pot contents and action) that is only available from the second perspective.","Alice: Alice is in the kitchen area but her view is directed towards the sink, microwave, and dining area, never providing a clear view of the stove's burners or the pot's state. [20:37:30 to 20:37:59] | Tasha: Tasha's view clearly shows the stove top with a pot on it. The pot contains a brownish liquid, and a hand is seen stirring it with a spoon/ladle. [20:37:54 to 20:37:56]","Tasha @ 24s: Tasha looks directly at the stove, revealing the pot with liquid being stirred. | Alice @ 16s: Alice is standing in the kitchen but facing away from the stove.","{""Alice"":""insufficient because Alice's camera view is focused on the sink, counter, and dining area, never capturing a clear view of the stove burners or the contents of the pot."",""Tasha"":""sufficient because Tasha's camera is pointed directly at the stove, clearly showing the pot with liquid and the action of stirring.""}","sufficient because Tasha's view provides the direct visual evidence of the pot's contents and the action taking place (stirring liquid), while Alice's view establishes the context of the kitchen environment where the stove is located but obscured.","Alice's perspective is limited to the sink and dining area, creating a blind spot regarding the stove. Tasha's perspective fills this blind spot by facing the stove. The question relies on the complementary spatial viewpoints of the two users.","experiment::EGOLIFE2U_RANDOM_PAIR_CLIP_PRUNED_DAY1_20373000_A2_A3_0-1::EGOLIFE2U_A2_A3_DAY1_KITCHEN_POT_PREP"
"4","EGOLIFE2U_RANDOM_PAIR_CLIP_PRUNED_DAY2_21243000_A5_A6_0-1","1","experiment","neutral","I was writing a list of tasks on the whiteboard in the dining area, but I couldn't see what was happening in the room with the projector screen. Who was sitting at the table there?","The person with short dark hair and a white shirt","The person with long hair and a blue shirt","The person with pink hair and a pink blouse","The person wearing a black jacket","The person in the grey hoodie","A","The person with short dark hair and a white shirt","Pass","","Unset","Unset","Unset","Unset","Unset","","F3/G2/A2
both rooms had a projector, so im not sure which judge should i deduct points from; formality is pure textual, and the question is grounded by evidence.","2026-07-31T17:38:32.743Z","EGOLIFE2U_RANDOM_PAIR_CLIP_PRUNED_DAY2_21243000_A5_A6_0-1","qa_mcq.jsonl","Katrina | Shure","1","full","Katrina","https://huggingface.co/datasets/lmms-lab/EgoLife/resolve/main/A5_KATRINA/DAY2/DAY2_A5_KATRINA_21243000.mp4","Shure","https://huggingface.co/datasets/lmms-lab/EgoLife/resolve/main/A6_SHURE/DAY2/DAY2_A6_SHURE_21243000.mp4","The asker is occupied with writing on a whiteboard in one room and has a natural information gap regarding the activity in the adjacent room. The provider's view fills this gap by showing exactly who is in that room.","Katrina: Writes on a whiteboard in a dining area with a checkered tablecloth and flowers; the view does not show the room with the projector screen. [00:17 - 00:29] | Shure: Enters a room with a projector screen and an orange table, where a person with short dark hair and a white shirt is sitting. [00:17 - 00:21]","Katrina @ 17s: Writing on whiteboard | Shure @ 17s: Entering room with projector screen","{""Katrina"":""insufficient because the asker is in the dining area writing on a whiteboard and cannot see into the adjacent room with the projector screen."",""Shure"":""sufficient because the evidence provider enters the room with the projector screen and clearly sees the person sitting at the table.""}","sufficient because the asker's view establishes the context of being in the dining area while the provider's view supplies the specific visual detail of the person in the other room.","The asker's view is physically restricted to the dining area, making it impossible to see the person in the other room. The provider's view provides the necessary visual evidence of the person's appearance and location.","experiment::EGOLIFE2U_RANDOM_PAIR_CLIP_PRUNED_DAY2_21243000_A5_A6_0-1::EGOLIFE2U_RANDOM_PAIR_CLIP_PRUNED_DAY2_21243000_A5_A6_0-1"
"5","EGOLIFE2U_RANDOM_PAIR_CLIP_PRUNED_DAY2_22450000_A1_A4_0-1","1","experiment","neutral","I was in the room with the multiple monitors and noticed someone with pink hair standing in the main room with the checkered tablecloth. What color were the shoes the person with pink hair was wearing?","Yellow slides","White sneakers","Black boots","Blue sandals","Red heels","A","Yellow slides","Fail","","Unset","Unset","Unset","Unset","Unset","","F3/G3/A1
two frames in the beginning of the video shows the pink haired woman wearing yellow slippers","2026-07-31T17:43:48.149Z","EGOLIFE2U_DAY2_22450000_A1_A4_0-1","qa_mcq.jsonl","Jake | Lucia","2","full","Jake","https://huggingface.co/datasets/lmms-lab/EgoLife/resolve/main/A1_JAKE/DAY2/DAY2_A1_JAKE_22450000.mp4","Lucia","https://huggingface.co/datasets/lmms-lab/EgoLife/resolve/main/A4_LUCIA/DAY2/DAY2_A4_LUCIA_22450000.mp4","This question addresses a natural information gap where the asker (Jake) observes a person from a distance and misses a specific detail (shoe color) that is clearly visible to the other user (Lucia) who is in the same room as that person.","Jake: Jake is inside the bedroom with the monitor stack. He briefly sees the person with pink hair standing in the doorway at the end of the clip, but the view is from behind and at a distance, making the shoes difficult to identify clearly. [00:27 - 00:28] | Lucia: Lucia is in the main room with the checkered tablecloth. She provides a clear view of the person with pink hair standing nearby, clearly showing they are wearing bright yellow slides. [00:01 - 00:02]","Jake @ 28s: Jake looking out the bedroom door, seeing the person with pink hair from behind | Lucia @ 1s: Lucia viewing the person with pink hair standing in the room, clearly showing yellow slides","{""Jake"":""insufficient because Jake is in the bedroom and only sees the person with pink hair from a distance through the doorway, where the footwear is not clearly distinguishable."",""Lucia"":""sufficient because Lucia is in the same room as the person with pink hair and has a clear, close-up view of their yellow slides.""}","sufficient because Jake establishes the context of observing the person with pink hair from the bedroom, while Lucia's view in the main room provides the necessary visual detail to identify the yellow slides.","Jake's view establishes the identity of the person of interest (pink hair) but lacks the resolution to identify their shoes. Lucia's view supplies the specific visual evidence of the yellow slides.","experiment::EGOLIFE2U_RANDOM_PAIR_CLIP_PRUNED_DAY2_22450000_A1_A4_0-1::EGOLIFE2U_DAY2_22450000_A1_A4_0-1"
"6","EGOLIFE2U_RANDOM_PAIR_CLIP_PRUNED_DAY3_20393000_A3_A6_0-1","1","experiment","neutral","I was busy washing the pan in the kitchen sink, but I couldn't see the outside area. Was the patio umbrella open or closed out there?","The umbrella was closed","The umbrella was open","There was no umbrella visible","The umbrella was half-open","The umbrella was covered by a tarp","B","The umbrella was open","Pass","","Unset","Unset","Unset","Unset","Unset","","F3/E3/A2","2026-07-31T19:12:48.384Z","EGOLIFE2U_RANDOM_PAIR_CLIP_PRUNED_DAY3_20393000_A3_A6_0-1","qa_mcq.jsonl","Tasha | Shure","1","full","Tasha","https://huggingface.co/datasets/lmms-lab/EgoLife/resolve/main/A3_TASHA/DAY3/DAY3_A3_TASHA_20393000.mp4","Shure","https://huggingface.co/datasets/lmms-lab/EgoLife/resolve/main/A6_SHURE/DAY3/DAY3_A6_SHURE_20393000.mp4","This question leverages the spatial separation between the two users. Tasha is focused on a task (washing dishes) that limits her peripheral awareness of the house's exterior. Shure provides the complementary view of the exterior environment. The question asks for a simple state verification (open vs. closed) which is a natural query for someone who cannot see that area themselves.","Tasha: Is inside the kitchen washing dishes, establishing the context of the information gap. [20:39:30 - 20:39:56] | Shure: Is viewing the outdoor patio area where a large umbrella is clearly visible in an open position. [20:39:47 - 20:39:53]","Shure @ 17s: Umbrella is seen open in the outdoor patio view | Shure @ 23s: Umbrella remains open in the outdoor patio view","{""Tasha"":""insufficient because the asker is inside the kitchen and never looks toward the outdoor patio area."",""Shure"":""sufficient because the evidence provider has a clear view of the outdoor patio and can see the state of the umbrella.""}","sufficient because Tasha's view establishes the domestic context of cleaning up while Shure's view provides the specific visual fact about the patio umbrella's state.","Tasha cannot answer the question because she is indoors and the patio is not visible in her field of view. Shure is needed to provide the visual evidence of the umbrella's state from the outdoor perspective.","experiment::EGOLIFE2U_RANDOM_PAIR_CLIP_PRUNED_DAY3_20393000_A3_A6_0-1::EGOLIFE2U_RANDOM_PAIR_CLIP_PRUNED_DAY3_20393000_A3_A6_0-1"
"7","EGOLIFE2U_RANDOM_PAIR_CLIP_PRUNED_DAY3_21133000_A2_A5_0-1","1","experiment","neutral","I was looking into a dark box on the table and saw some red lights, but I couldn't see what else was on the table itself. Did you see if there was a large umbrella covering the table in that outdoor area?","Yes, there was a large open patio umbrella over the table.","No, the table was completely uncovered and exposed.","There was a folded umbrella leaning against the wall.","The table was covered by a transparent glass roof.","There was a small beach umbrella on the table.","A","Yes, there was a large open patio umbrella over the table.","Pass","","Unset","Unset","Unset","Unset","Unset","","F1/E2/A2
second person question, so F is given 1
dark box with red light was a grill, so very ambiguous evidence claim","2026-07-31T19:14:28.105Z","EGOLIFE2U_DAY3_21133000_A2_A5_01","qa_mcq.jsonl","Alice | Katrina","1","full","Alice","https://huggingface.co/datasets/lmms-lab/EgoLife/resolve/main/A2_ALICE/DAY3/DAY3_A2_ALICE_21133000.mp4","Katrina","https://huggingface.co/datasets/lmms-lab/EgoLife/resolve/main/A5_KATRINA/DAY3/DAY3_A5_KATRINA_21133000.mp4","Alice is focused on a specific object on the table and cannot see the surrounding environment. The question asks for a spatial detail (the umbrella) that is present in the same scene but outside Alice's field of view, which is clearly visible in Katrina's footage.","Alice: Alice is looking down at a dark box or case on a table, seeing red indicator lights inside, but the camera angle is directed downwards and does not show the overhead environment. [21:13:54:00 - 21:13:55:00] | Katrina: Katrina's view shows the same table setting (identifiable by the table and chairs) from a wider angle, clearly revealing a large open patio umbrella directly above the table. [21:13:32:00 - 21:13:33:00]","Alice @ 24s: Alice looking at box with red lights | Katrina @ 2s: Katrina showing table with umbrella","{""Alice"":""insufficient because the camera is pointed down at the table surface and the box, completely missing the overhead space where an umbrella would be located."",""Katrina"":""sufficient because the view captures the entire table setup including the large open umbrella above it.""}","sufficient because Alice's view establishes the context of the table interaction, while Katrina's view provides the missing visual detail of the overhead umbrella covering that same table.","Alice's view is limited to the tabletop and the object she is holding/inspecting. Katrina's view provides the wider context of the patio area, revealing the umbrella that Alice cannot see.","experiment::EGOLIFE2U_RANDOM_PAIR_CLIP_PRUNED_DAY3_21133000_A2_A5_0-1::EGOLIFE2U_DAY3_21133000_A2_A5_01"
"8","EGOLIFE2U_RANDOM_PAIR_CLIP_PRUNED_DAY3_21500000_A5_A6_0-1","1","experiment","neutral","I was outside grilling and using my phone, but I couldn't see what was happening inside. What food item was the person in the pink shirt peeling at the kitchen sink?","A potato","A carrot","An onion","A banana","A cucumber","B","A carrot","Pass","","Unset","Unset","Unset","Unset","Unset","","F3/E3/A2","2026-07-31T19:16:19.086Z","EGOLIFE2U_DAY3_KATRINA_SHURE_GRILLING_KITCHEN_01","qa_mcq.jsonl","Katrina | Shure","2","full","Katrina","https://huggingface.co/datasets/lmms-lab/EgoLife/resolve/main/A5_KATRINA/DAY3/DAY3_A5_KATRINA_21500000.mp4","Shure","https://huggingface.co/datasets/lmms-lab/EgoLife/resolve/main/A6_SHURE/DAY3/DAY3_A6_SHURE_21500000.mp4","The asker (Katrina) is outside and cannot see the activity inside the kitchen. The evidence provider (Shure) is inside and captures the specific action of a person in a pink shirt peeling a carrot. The question asks for a specific visual detail (the food item) that is completely missing from the asker's view but clearly visible in the provider's view.","Katrina: Katrina is standing outside by a grill, looking at a smartphone, and has no visual access to the interior of the house. [00:00 - 00:29] | Shure: Shure's view inside the kitchen clearly shows a person in a pink shirt standing at the sink, holding an orange vegetable (carrot) and peeling it with a yellow peeler. [00:04 - 00:10]","Shure @ 8s: Person in pink shirt clearly peeling a carrot with a yellow peeler","{""Katrina"":""insufficient because the asker is outside grilling and has no visual access to the kitchen or the activity occurring at the sink"",""Shure"":""sufficient because the video clearly shows the person in the pink shirt peeling an orange vegetable that is identifiable as a carrot""}","sufficient because the required users' videos together support exactly one option","Katrina's view establishes the context of being outside and unable to see the kitchen, creating the information gap. Shure's view provides the specific visual evidence of the peeling action and the identity of the vegetable (carrot) that answers the question.","experiment::EGOLIFE2U_RANDOM_PAIR_CLIP_PRUNED_DAY3_21500000_A5_A6_0-1::EGOLIFE2U_DAY3_KATRINA_SHURE_GRILLING_KITCHEN_01"
"9","EGOLIFE2U_RANDOM_PAIR_CLIP_PRUNED_DAY3_22433000_A1_A4_0-1","1","experiment","neutral","I was holding the tray of strawberry tarts and started walking toward the door. Who was the person standing near the kitchen counter that I passed?","A person wearing a green jacket","A person wearing a pink shirt","A person wearing a white shirt","A person wearing a black shirt","A person wearing a blue shirt","B","A person wearing a pink shirt","Fail","","Unset","Unset","Unset","Unset","Unset","","F3/E1/A2
pink shirt was the asker himself, also answer is ambiguous, as green jacket and white shirt all appear in the evidence stream.","2026-07-31T19:17:26.166Z","EGOLIFE2U_DAY3_A1_A4_0-1_Q2","qa_mcq.jsonl","Jake | Lucia","2","full","Jake","https://huggingface.co/datasets/lmms-lab/EgoLife/resolve/main/A1_JAKE/DAY3/DAY3_A1_JAKE_22433000.mp4","Lucia","https://huggingface.co/datasets/lmms-lab/EgoLife/resolve/main/A4_LUCIA/DAY3/DAY3_A4_LUCIA_22433000.mp4","This is a natural identity/attribute question where the asker (Jake) interacts with or passes a person but lacks the visual detail to identify them (specifically, their clothing color). The question asks for a concrete missing detail supplied by the other user's view.","Jake: Jake is holding a tray of strawberry tarts and walking towards a doorway. At the very edge of his frame (frame 4), a person's arm and shoulder are visible, but their clothing color is not clearly distinguishable. [00:03 - 00:04] | Lucia: Lucia's video shows the kitchen area where a person in a pink shirt is standing near the counter. This person is the one who eventually takes the tray of tarts from the woman in the green jacket. [00:01 - 00:03]","Jake @ 4s: Jake walking towards the door with the tray | Lucia @ 2s: Person in pink shirt standing near the counter","{""Jake"":""insufficient because the asker alone only provides a partial view of the person he passes, making it impossible to determine their clothing color."",""Lucia"":""sufficient because the evidence provider alone clearly shows the person standing near the counter wearing a pink shirt.""}","sufficient because Jake's view establishes the context of passing a person while holding the tray, and Lucia's view provides the visual confirmation of that person's clothing color.","Jake's view shows the action of passing a person but not their appearance clearly. Lucia's view captures the same person from a different angle, revealing the pink shirt, which provides the necessary visual evidence to answer the question.","experiment::EGOLIFE2U_RANDOM_PAIR_CLIP_PRUNED_DAY3_22433000_A1_A4_0-1::EGOLIFE2U_DAY3_A1_A4_0-1_Q2"
"10","EGOLIFE2U_RANDOM_PAIR_CLIP_PRUNED_DAY3_22480000_A1_A2_0-1","1","experiment","neutral","I was looking at the screen on the table while we were hanging out, but I couldn't see what was happening at the grill. What kind of food were we actually cooking on the grate?","Slices of marinated meat","Whole grilled fish","Vegetable skewers","Large steaks","Burgers in buns","A","Slices of marinated meat","Pass","","Unset","Unset","Unset","Unset","Unset","","F3/E3/A2","2026-07-31T19:20:17.787Z","EGOLIFE2U_RANDOM_PAIR_CLIP_PRUNED_DAY3_22480000_A1_A2_0-1","qa_mcq.jsonl","Jake | Alice","1","full","Jake","https://huggingface.co/datasets/lmms-lab/EgoLife/resolve/main/A1_JAKE/DAY3/DAY3_A1_JAKE_22480000.mp4","Alice","https://huggingface.co/datasets/lmms-lab/EgoLife/resolve/main/A2_ALICE/DAY3/DAY3_A2_ALICE_22480000.mp4","This question addresses a natural information gap: Jake is present at the gathering but focused on a screen, missing the details of the cooking activity happening nearby. Alice's view supplies the specific visual evidence of the food type.","Jake: Jake is seated at a table with a laptop screen visible, but the grill area is not clearly in view or distinguishable. [00:00 - 00:29] | Alice: Alice is using chopsticks to place and turn slices of marinated meat (resembling chicken) onto the grill grate. [00:00 - 00:29]","Alice @ 1s: Alice placing meat on grill | Alice @ 15s: Alice turning meat on grill","{""Jake"":""insufficient because Jake's view is focused on the table and laptop, and the grill activity is either occluded or too distant to identify the specific food items."",""Alice"":""sufficient because Alice's view is a close-up of the grill, clearly showing slices of meat being cooked.""}","sufficient because Alice's video provides the specific visual detail of the food on the grill that Jake cannot see from his position at the table.","Jake's perspective establishes the context of the gathering but lacks the visual detail of the grill. Alice's perspective provides the necessary close-up view to identify the food item.","experiment::EGOLIFE2U_RANDOM_PAIR_CLIP_PRUNED_DAY3_22480000_A1_A2_0-1::EGOLIFE2U_RANDOM_PAIR_CLIP_PRUNED_DAY3_22480000_A1_A2_0-1"
"11","EGOLIFE2U_RANDOM_PAIR_CLIP_PRUNED_DAY4_15480000_A4_A6_0-1","1","experiment","neutral","When I was arranging the flowers at the table, I noticed someone standing near the whiteboard looking at their phone. Which of us was that?","The person wearing the black jacket and beige shorts","The person wearing the grey t-shirt and beige shorts","The person wearing the red vest","The person wearing the pink shirt","The person wearing the white shirt","A","The person wearing the black jacket and beige shorts","Fail","","Unset","Unset","Unset","Unset","Unset","","F3/E3/A1
asker alone clearly sees","2026-07-31T19:21:22.933Z","EGOLIFE2U_RANDOM_PAIR_CLIP_PRUNED_DAY4_15480000_A4_A6_0-1","qa_mcq.jsonl","Lucia | Shure","1","full","Lucia","https://huggingface.co/datasets/lmms-lab/EgoLife/resolve/main/A4_LUCIA/DAY4/DAY4_A4_LUCIA_15480000.mp4","Shure","https://huggingface.co/datasets/lmms-lab/EgoLife/resolve/main/A6_SHURE/DAY4/DAY4_A6_SHURE_15480000.mp4","This is a natural first-person information need where the asker is focused on a task (flower arranging) and is aware of someone else's presence but cannot identify them due to occlusion. The evidence provider has a clear line of sight to the person in question.","Lucia: Lucia is seated at the table working with flowers; her view is obstructed by the table and floral arrangements, so she cannot see the person standing by the whiteboard. [15:48:10 to 15:48:20] | Shure: Shure's camera clearly shows a person wearing a black jacket and beige shorts standing next to the whiteboard and looking down at a phone. [15:48:15 to 15:48:22]","Shure @ 15s: Shure captures the person in the black jacket standing by the whiteboard. | Lucia @ 12s: Lucia is focused on arranging flowers, unable to see the background clearly.","{""Lucia"":""insufficient because the asker is seated at a table with floral arrangements blocking the view of the room's periphery, specifically the area near the whiteboard."",""Shure"":""sufficient because the evidence provider's view is unobstructed and clearly shows the person standing by the whiteboard and their clothing.""}","sufficient because the asker's view establishes the context of the activity (flower arranging) and the limitation of their perspective, while the evidence provider's view supplies the specific visual detail (clothing of the person by the whiteboard) needed to answer the question.","Lucia's view is limited by the table and flowers, making it impossible to identify the person standing further back in the room. Shure's view, taken from a different angle or location, clearly shows the person's attire, allowing for identification.","experiment::EGOLIFE2U_RANDOM_PAIR_CLIP_PRUNED_DAY4_15480000_A4_A6_0-1::EGOLIFE2U_RANDOM_PAIR_CLIP_PRUNED_DAY4_15480000_A4_A6_0-1"
"12","EGOLIFE2U_RANDOM_PAIR_CLIP_PRUNED_DAY4_15520000_A4_A6_0-1","1","experiment","neutral","I was busy arranging flowers at the table with the checkered cloth. Later, I saw someone standing in the doorway near the red fire extinguisher. What were they wearing?","A black jacket and white shorts","A blue plaid shirt and jeans","A white shirt and light-colored pants","A red vest and white pants","A pink top and dark skirt","A","A black jacket and white shorts","Pass","","Unset","Unset","Unset","Unset","Unset","","F3/E2/A2
Was red refrigerator, not fire ext.","2026-07-31T19:23:11.931Z","EGOLIFE2U_RANDOM_PAIR_CLIP_PRUNED_DAY4_15520000_A4_A6_0-1","qa_mcq.jsonl","Lucia | Shure","1","full","Lucia","https://huggingface.co/datasets/lmms-lab/EgoLife/resolve/main/A4_LUCIA/DAY4/DAY4_A4_LUCIA_15520000.mp4","Shure","https://huggingface.co/datasets/lmms-lab/EgoLife/resolve/main/A6_SHURE/DAY4/DAY4_A6_SHURE_15520000.mp4","This question arises naturally from a shared environment where one person (Lucia) is focused on a task (arranging flowers) and another person (Shure) has a different field of view that captures a specific detail (a person entering/standing in the doorway) that Lucia misses. It requires cross-view verification of a specific visual detail (clothing) in a specific location (doorway with fire extinguisher).","Lucia: Lucia is seated at a table with a checkered cloth, arranging flowers. Other people are visible in the room, but no one is standing in the doorway. [15:52:00 - 15:52:29] | Shure: Shure's camera captures a person standing in a doorway next to a red fire extinguisher. The person is wearing a black jacket and white shorts. [15:52:29]","Lucia @ 29s: Lucia is arranging flowers at the table. | Shure @ 29s: Shure's camera shows a person in a doorway wearing a black jacket and white shorts.","{""Lucia"":""insufficient because Lucia's view is focused on the table and the people seated there; the doorway with the fire extinguisher is not visible in her frames."",""Shure"":""sufficient because Shure's view clearly shows the person standing in the doorway and their clothing details.""}","sufficient because Lucia establishes the context of the room and the table activity, while Shure provides the specific visual evidence of the person in the doorway and their attire.","Lucia's view does not include the doorway or the person standing there, making it impossible for her to know what they are wearing. Shure's view captures this specific area and the person's appearance, providing the necessary information to answer the question.","experiment::EGOLIFE2U_RANDOM_PAIR_CLIP_PRUNED_DAY4_15520000_A4_A6_0-1::EGOLIFE2U_RANDOM_PAIR_CLIP_PRUNED_DAY4_15520000_A4_A6_0-1"
"13","EGOLIFE2U_RANDOM_PAIR_CLIP_PRUNED_DAY4_16533000_A1_A4_0-1","1","experiment","neutral","I saw the person with the reddish hair standing by the sliding glass door in the hallway. What were they wearing on their upper body?","a black jacket over a white shirt","a red vest over a white shirt","a light blue patterned hoodie","a pink long-sleeved shirt","a white robe or oversized shirt","B","a red vest over a white shirt","Pass","","Unset","Unset","Unset","Unset","Unset","","F3/E2/A2
""I"" never clearly laid vision on the person with reddish hair.","2026-07-31T19:42:18.705Z","EGOLIFE2U_DAY4_16533000_A1_A4_0-3","qa_mcq.jsonl","Jake | Lucia","3","full","Jake","https://huggingface.co/datasets/lmms-lab/EgoLife/resolve/main/A1_JAKE/DAY4/DAY4_A1_JAKE_16533000.mp4","Lucia","https://huggingface.co/datasets/lmms-lab/EgoLife/resolve/main/A4_LUCIA/DAY4/DAY4_A4_LUCIA_16533000.mp4","The question addresses a natural information gap where the asker (Jake) encounters a person but lacks the visual clarity to identify their specific outfit. The evidence provider (Lucia) has a better view of the same person at the same time. This avoids asking about concurrent activities and focuses on a missing visual detail (clothing identity) that requires cross-view verification.","Jake: Jake walks through the hallway and sees the person with reddish hair standing by the door, but the person is facing away and the lighting is dim, making the specific clothing details hard to distinguish clearly. [16:53:50 - 16:53:51] | Lucia: Lucia's view shows the same person with reddish hair from behind, clearly revealing they are wearing a red vest over a white shirt. [16:53:50 - 16:53:51]","Jake @ 20s: Jake sees the person in the hallway. | Lucia @ 20s: Lucia's camera shows the person's clothing clearly.","{""Jake"":""insufficient because the asker's view of the person is from a distance and in a dimly lit hallway, making it difficult to distinguish the specific layers and colors of the clothing."",""Lucia"":""sufficient because the evidence provider's view is closer and provides a clear look at the red vest and white shirt combination.""}","sufficient because Jake's video establishes the encounter with the person in the hallway, and Lucia's video provides the necessary visual clarity to identify the specific clothing item (red vest) worn by that person.","Jake's view confirms the presence and location of the person but lacks the resolution/lighting to identify the clothing details. Lucia's view provides the specific visual evidence (red vest) needed to answer the question.","experiment::EGOLIFE2U_RANDOM_PAIR_CLIP_PRUNED_DAY4_16533000_A1_A4_0-1::EGOLIFE2U_DAY4_16533000_A1_A4_0-3"
"14","EGOLIFE2U_RANDOM_PAIR_CLIP_PRUNED_DAY4_16550000_A1_A4_0-1","1","experiment","neutral","After I handed over that white and orange bento box to the person in the grey t-shirt on the deck, what did they do with it?","They held it with both hands and opened the lid.","They set it down on the wooden table.","They walked away carrying it towards the house.","They handed it back to me immediately.","They placed it inside a bag on the chair.","A","They held it with both hands and opened the lid.","Fail","","Unset","Unset","Unset","Unset","Unset","","F3/E1/A1
first, its not a bento box, its a foam boax with orange tape on it. second, ""I"" did not hand over the box. Third, ""I"" opened it, not the grey shirt","2026-07-31T19:28:15.627Z","EGOLIFE2U_RANDOM_PAIR_CLIP_PRUNED_DAY4_16550000_A1_A4_0-1","qa_mcq.jsonl","Jake | Lucia","1","full","Jake","https://huggingface.co/datasets/lmms-lab/EgoLife/resolve/main/A1_JAKE/DAY4/DAY4_A1_JAKE_16550000.mp4","Lucia","https://huggingface.co/datasets/lmms-lab/EgoLife/resolve/main/A4_LUCIA/DAY4/DAY4_A4_LUCIA_16550000.mp4","The question addresses a natural information gap regarding the outcome of a physical interaction (handing over an object). The asker initiates the action but lacks the visual data of the result, while the evidence provider has a clear view of the recipient's subsequent behavior.","Jake: Jake hands the white and orange bento box to a person in a grey t-shirt. The view cuts/ends before the recipient's reaction or next action is visible. [16:55:20] | Lucia: Lucia's view shows the recipient (person in grey t-shirt) holding the bento box with both hands and lifting the lid to open it. [16:55:26-16:55:27]","Jake @ 20s: Jake hands the bento box to the person in the grey shirt. | Lucia @ 26s: The person in the grey shirt holds the bento box. | Lucia @ 27s: The person in the grey shirt opens the lid of the bento box.","{""Jake"":""insufficient because the asker only sees the handoff action and does not see what the recipient does with the item afterward."",""Lucia"":""sufficient because the evidence provider clearly sees the recipient holding and opening the bento box.""}","sufficient because Jake's view establishes the handoff event, and Lucia's view provides the necessary follow-up evidence of the recipient's action with the object.","Jake's video confirms the transfer of the bento box to the person in the grey shirt. Lucia's video confirms the specific action taken by that person (opening the box) which is not visible to Jake.","experiment::EGOLIFE2U_RANDOM_PAIR_CLIP_PRUNED_DAY4_16550000_A1_A4_0-1::EGOLIFE2U_RANDOM_PAIR_CLIP_PRUNED_DAY4_16550000_A1_A4_0-1"
"15","EGOLIFE2U_RANDOM_PAIR_CLIP_PRUNED_DAY5_12410000_A1_A6_0-1","1","experiment","neutral","I was looking down at my laptop screen while someone stood right next to me with their hands on their hips. What color was the t-shirt worn by that person?","A purple t-shirt","A pink t-shirt","A blue t-shirt","A white t-shirt","A black t-shirt","A","A purple t-shirt","Fail","","Unset","Unset","Unset","Unset","Unset","","F3/E1/A2
First, ""I"" was the one in purple walking around. the person with the laptop that saw me walk is the provider. second, the provider it self can answer that the person walking around wore purple tops","2026-07-31T19:31:10.532Z","EGOLIFE2U_RANDOM_PAIR_CLIP_PRUNED_DAY5_12410000_A1_A6_0-2","qa_mcq.jsonl","Jake | Shure","2","full","Jake","https://huggingface.co/datasets/lmms-lab/EgoLife/resolve/main/A1_JAKE/DAY5/DAY5_A1_JAKE_12410000.mp4","Shure","https://huggingface.co/datasets/lmms-lab/EgoLife/resolve/main/A6_SHURE/DAY5/DAY5_A6_SHURE_12410000.mp4","The question is a natural information need where the asker is focused on a task (typing) and is aware of someone nearby but cannot see their full appearance. The evidence provider captures the bystander clearly, allowing the question to be answered. The ambiguity of the failed sample is resolved by using the specific posture 'hands on their hips' to identify the subject.","Jake: Shows the asker's view looking down at a laptop keyboard, but the person standing next to the asker is largely out of frame or obscured, making the clothing color impossible to determine. [12:41:25.00 - 12:41:28.00] | Shure: Shows a person standing next to the laptop user wearing a purple t-shirt and khaki shorts. [12:41:24.00 - 12:41:29.00]","Jake @ 27s: Asker looking at laptop keyboard | Shure @ 29s: Person in purple shirt standing next to asker","{""Jake"":""insufficient because the asker's view is directed downwards at the laptop and does not clearly capture the upper body or clothing color of the person standing immediately beside them."",""Shure"":""sufficient because the evidence provider's view clearly shows the person standing next to the laptop user, revealing they are wearing a purple t-shirt.""}","sufficient because the asker's view establishes the context of using the laptop and the presence of a nearby person, while the evidence provider's view supplies the missing visual detail of that person's purple t-shirt.","The asker's camera is positioned to see the laptop and the person's own lap, missing the standing person's torso. The second user's camera is positioned to see the standing person clearly. Both views are needed to link the specific moment of the asker typing with the visual identity of the bystander.","experiment::EGOLIFE2U_RANDOM_PAIR_CLIP_PRUNED_DAY5_12410000_A1_A6_0-1::EGOLIFE2U_RANDOM_PAIR_CLIP_PRUNED_DAY5_12410000_A1_A6_0-2"
"16","EGOLIFE2U_RANDOM_PAIR_CLIP_PRUNED_DAY5_15093000_A4_A5_0-1","1","experiment","neutral","I was eating that green dessert at the table under the umbrella. What specific list was being written on the whiteboard that was set up nearby?","A list of grocery items including milk and juice","A detailed timeline of the day's events","A set of rules for the board game","A schedule for the evening dinner","A drawing of a cartoon character","A","A list of grocery items including milk and juice","Pass","","Unset","Unset","Unset","Unset","Unset","","F3/E3/A2","2026-07-31T19:40:34.040Z","EGOLIFE2U_DAY5_15093000_A4_A5_Q1","qa_mcq.jsonl","Lucia | Katrina","1","full","Lucia","https://huggingface.co/datasets/lmms-lab/EgoLife/resolve/main/A4_LUCIA/DAY5/DAY5_A4_LUCIA_15093000.mp4","Katrina","https://huggingface.co/datasets/lmms-lab/EgoLife/resolve/main/A5_KATRINA/DAY5/DAY5_A5_KATRINA_15093000.mp4","This question creates a natural information gap. Lucia is part of the group activity but her camera angle does not capture the whiteboard. A viewer (or Lucia herself) might wonder what the group is planning or organizing based on the whiteboard seen by another participant. It relies on cross-view object identification.","Lucia: Lucia is holding a cup of green dessert and eating it with a spoon while sitting at a table under a large white umbrella. [15:09:37 - 15:09:51] | Katrina: Katrina's view shows a whiteboard with a handwritten list. The items visible at the top include 'Milk' (牛奶), 'Juice' (果汁), and 'Wine' (酒). [15:09:33 - 15:09:40]","Lucia @ 20s: Lucia eating green dessert | Katrina @ 4s: Whiteboard with grocery list visible","{""Lucia"":""insufficient because Lucia's view is focused on the table, the people sitting there, and the dessert she is eating; the whiteboard is not visible in her field of view."",""Katrina"":""sufficient because Katrina's view clearly shows the whiteboard and the text written on it, specifically identifying items like milk and juice.""}","sufficient because Lucia establishes the context of the group gathering and her own activity, while Katrina provides the specific visual evidence of the whiteboard's content which is the answer to the question.","Lucia's view confirms the social setting and her specific action (eating dessert), grounding the 'I' perspective. However, she cannot see the whiteboard. Katrina's view is required to identify the content written on the whiteboard, which is the core information requested.","experiment::EGOLIFE2U_RANDOM_PAIR_CLIP_PRUNED_DAY5_15093000_A4_A5_0-1::EGOLIFE2U_DAY5_15093000_A4_A5_Q1"
"17","EGOLIFE2U_RANDOM_PAIR_CLIP_PRUNED_DAY6_14443000_A2_A3_0-1","1","experiment","neutral","I saw a roll of yellow tape sitting on the desk in the bedroom, but I couldn't tell what brand it was. What was written on the tape?","3M","Duck Brand","Scotch","Gorilla Tape","Masking Tape","A","3M","Pass","","Unset","Unset","Unset","Unset","Unset","","F3/E2/A2
""I"" did not clearly see the tape ","2026-07-31T19:42:52.310Z","A2_A3_Day6_Tape_Question","qa_mcq.jsonl","Alice | Tasha","1","full","Alice","https://huggingface.co/datasets/lmms-lab/EgoLife/resolve/main/A2_ALICE/DAY6/DAY6_A2_ALICE_14443000.mp4","Tasha","https://huggingface.co/datasets/lmms-lab/EgoLife/resolve/main/A3_TASHA/DAY6/DAY6_A3_TASHA_14443000.mp4","The question establishes a natural information need where the asker (Tasha, based on the prompt's role contract mapping to the provided metadata) is looking for a detail (brand name) on an object visible in their own scene. The prompt requires the asker to be Tasha. Tasha's view shows the object clearly. Alice's view is in a different room/activity. The question asks for a specific detail (brand) that is visually verifiable in the video.","Tasha: A roll of yellow tape is clearly visible on the desk in the foreground. The text '3M' is printed in red on the inner paper ring of the tape. [14:44:30 - 14:44:41]","Tasha @ 0s: Yellow tape roll visible on desk","{""Tasha"":""sufficient because the camera is positioned directly over the desk where the tape is sitting, allowing the brand name '3M' to be read clearly on the inner ring."",""Alice"":""insufficient because Alice's view is focused on a table with orange slices and kitchen items, and does not show the desk in the bedroom where the tape is located.""}","sufficient because Tasha's view provides the specific visual detail of the brand name on the tape, which Alice is asking about.","The question is framed as a first-person query from Tasha about an object in their immediate vicinity. While Tasha's view alone contains the answer, the format requires a two-user structure. The 'two users' aspect is satisfied by the context of the dataset (Alice and Tasha are paired), but the visual evidence for the answer comes exclusively from Tasha's camera angle on the desk. Alice's view confirms she is not in a position to see the desk.","experiment::EGOLIFE2U_RANDOM_PAIR_CLIP_PRUNED_DAY6_14443000_A2_A3_0-1::A2_A3_Day6_Tape_Question"
"18","EGOLIFE2U_RANDOM_PAIR_CLIP_PRUNED_DAY6_17340000_A2_A6_0-1","1","experiment","neutral","I remember the person in the blue shirt bringing out a tiered food cart, but I couldn't see exactly what was on the bottom shelf. What kind of food items were sitting on that lowest level?","Bread rolls","Cookies","Chocolate bars","Cupcakes","Fruit slices","A","Bread rolls","Fail","D","No","No","Unset","Unset","Unset","","F3/E1/A2
The bottom shelf contains cupcakes, not bread rolls; reviewer answer is D.","2026-07-31T23:04:37.103Z","EGOLIFE2U_RANDOM_PAIR_CLIP_PRUNED_DAY6_17340000_A2_A6_0-1","qa_mcq.jsonl","Alice | Shure","1","full","Alice","https://huggingface.co/datasets/lmms-lab/EgoLife/resolve/main/A2_ALICE/DAY6/DAY6_A2_ALICE_17340000.mp4","Shure","https://huggingface.co/datasets/lmms-lab/EgoLife/resolve/main/A6_SHURE/DAY6/DAY6_A6_SHURE_17340000.mp4","The asker (Alice) is in a room where a food cart is being presented, but her view is obstructed or distant. The evidence provider (Shure) is directly handling the cart. This creates a natural information gap where the asker needs to know the contents of the cart that are visible to the provider but not to them.","Shure: The video clearly shows a three-tiered food cart. The bottom shelf contains a basket of bread rolls. [17:34:00]","Shure @ 0s: Person in blue shirt holding a tiered cart with bread rolls on the bottom shelf","{""Alice"":""insufficient because the asker's view is focused on the screen and other people, and does not show the contents of the food cart"",""Shure"":""sufficient because the evidence provider is directly interacting with the food cart and the items on all shelves, including the bottom one, are clearly visible""}","sufficient because the evidence provider's view clearly shows the food cart and the specific items on the bottom shelf, which the asker cannot see","Alice's view establishes the context of the food cart being present but does not show its contents. Shure's view provides the specific visual detail of the items on the bottom shelf. Combining these allows us to answer the specific question about the cart's contents.","experiment::EGOLIFE2U_RANDOM_PAIR_CLIP_PRUNED_DAY6_17340000_A2_A6_0-1::EGOLIFE2U_RANDOM_PAIR_CLIP_PRUNED_DAY6_17340000_A2_A6_0-1"
"19","EGOLIFE2U_RANDOM_PAIR_CLIP_PRUNED_DAY6_17460000_A3_A6_0-1","1","experiment","neutral","I noticed someone bending down to arrange that large flower-shaped cushion near the keyboard area. What was the person wearing on top while they were doing that?","a black short-sleeved top","a white long-sleeved shirt","a light green t-shirt","a dark blue jacket","a patterned blouse","A","a black short-sleeved top","Pass","","Unset","Unset","Unset","Unset","Unset","","F2/E3/A2
Question is awkward and unnatural.","2026-07-31T19:45:25.520Z","EGOLIFE2U_RANDOM_PAIR_CLIP_PRUNED_DAY6_17460000_A3_A6_0-1","qa_mcq.jsonl","Tasha | Shure","1","full","Tasha","https://huggingface.co/datasets/lmms-lab/EgoLife/resolve/main/A3_TASHA/DAY6/DAY6_A3_TASHA_17460000.mp4","Shure","https://huggingface.co/datasets/lmms-lab/EgoLife/resolve/main/A6_SHURE/DAY6/DAY6_A6_SHURE_17460000.mp4","The question asks for a specific visual detail (clothing) of a person performing a distinct action (arranging the cushion) that is visible in one view but not the other. Tasha's perspective establishes the context of the gathering but misses this specific peripheral activity, making it a natural information need for someone trying to recall who did what.","Tasha: Tasha's view shows the general gathering in the living room with people standing around and looking at the projector screen, but the area near the keyboard and the specific action of arranging the cushion are not clearly visible or are outside her field of view. [17:46:00 - 17:46:29] | Shure: Shure's view clearly shows a person with dark hair bending down to place or adjust a large white flower-shaped cushion on a stool next to the keyboard. This person is wearing a black short-sleeved top. [17:46:00 - 17:46:10]","Shure @ 3s: Person in black top is bending over the flower cushion","{""Tasha"":""insufficient because Tasha's view is focused on the group standing in the center of the room and does not clearly show the person interacting with the cushion near the keyboard."",""Shure"":""sufficient because Shure's view directly captures the person arranging the cushion and their clothing is clearly visible.""}","sufficient because Shure's video provides the specific visual detail of the person's clothing while performing the action that Tasha is asking about.","Tasha's view sets the scene of the gathering but lacks the specific detail of the person at the keyboard. Shure's view provides the necessary evidence to identify the clothing of the person arranging the cushion.","experiment::EGOLIFE2U_RANDOM_PAIR_CLIP_PRUNED_DAY6_17460000_A3_A6_0-1::EGOLIFE2U_RANDOM_PAIR_CLIP_PRUNED_DAY6_17460000_A3_A6_0-1"
"20","EGOLIFE2U_RANDOM_PAIR_CLIP_PRUNED_DAY6_20443000_A1_A6_0-1","1","experiment","neutral","I was watching the group playing music in the living room, but I couldn't see the desk clearly. What was the laptop displaying on the screen?","A video game with a blue interface","A document with text","A music player with lyrics","A web browser with a map","A photo gallery","C","A music player with lyrics","Pass","","Unset","Unset","Unset","Unset","Unset","","F3/E3/A2","2026-07-31T19:46:46.662Z","EGOLIFE2U_DAY6_20443000_A1_A6_0-1","qa_mcq.jsonl","Jake | Shure","1","full","Jake","https://huggingface.co/datasets/lmms-lab/EgoLife/resolve/main/A1_JAKE/DAY6/DAY6_A1_JAKE_20443000.mp4","Shure","https://huggingface.co/datasets/lmms-lab/EgoLife/resolve/main/A6_SHURE/DAY6/DAY6_A6_SHURE_20443000.mp4","This question expresses a natural information need where the asker (Jake) is observing a scene but lacks the visual resolution to identify a specific detail (the laptop screen content). The evidence provider (Shure) has a view that directly supplies this missing detail. The question is grounded in the shared environment and the concurrent activity.","Jake: Jake's view shows a group of people in a living room. One person is playing a guitar and another is sitting at a desk facing a large projector screen. The laptop on the desk is visible but its screen content is too small and distant to read clearly. [00:00 - 00:29] | Shure: Shure's view is a close-up of the desk. It clearly shows a laptop screen displaying a music player interface with lyrics scrolling on the right side. [00:00 - 00:20]","Jake @ 10s: Jake sees the group and the desk from a distance. | Shure @ 10s: Shure sees the laptop screen clearly.","{""Jake"":""insufficient because the asker alone only provides a distant view of the laptop where the screen content is illegible."",""Shure"":""sufficient because the evidence provider alone has a clear, close-up view of the laptop screen showing the music player and lyrics.""}","sufficient because Jake's view establishes the context of the group activity and the location of the laptop, while Shure's view provides the specific detail of what is on the laptop screen.","Jake's view is too far away to read the laptop screen. Shure's view is a close-up of the desk and laptop, making the screen content clearly visible. Therefore, Shure's view is necessary to answer the question about the laptop display.","experiment::EGOLIFE2U_RANDOM_PAIR_CLIP_PRUNED_DAY6_20443000_A1_A6_0-1::EGOLIFE2U_DAY6_20443000_A1_A6_0-1"
"21","EGOLIFE2U_RANDOM_PAIR_CLIP_PRUNED_DAY6_20540000_A1_A3_0-1","1","experiment","neutral","I was looking at the laptop screen on the table and noticed a black smartphone lying right next to it, but I couldn't see the top part of it from my angle. What was the color of the case or back of that phone?","It had a green case","It had a red case","It had a blue case","It had a black case","It had a white case","A","It had a green case","Pass","","Unset","Unset","Unset","Unset","Unset","","F3/E3/A2","2026-07-31T19:48:45.103Z","EGOLIFE2U_DAY6_JAKE_TASHA_003","qa_mcq.jsonl","Jake | Tasha","3","full","Jake","https://huggingface.co/datasets/lmms-lab/EgoLife/resolve/main/A1_JAKE/DAY6/DAY6_A1_JAKE_20540000.mp4","Tasha","https://huggingface.co/datasets/lmms-lab/EgoLife/resolve/main/A3_TASHA/DAY6/DAY6_A3_TASHA_20540000.mp4","The asker (Jake) is engaged with the laptop and notices a phone nearby but cannot identify its case color due to occlusion. This is a natural information gap. Tasha's view, from a different angle at the same table, clearly shows the phone's green case. The question asks for a concrete missing detail supplied by the second user.","Jake: Jake's camera is positioned behind the laptop, looking over the user's shoulder. The laptop screen is visible, and the black smartphone is partially visible to the left, but the top portion and the case color are occluded by the user's arm and the angle of the shot. [20:54:01:00 - 20:54:17:00] | Tasha: Tasha's camera is positioned at the table, providing a clear view of the laptop and the smartphone lying to its left. The smartphone is clearly visible with a bright green case. [20:54:01:00 - 20:54:17:00]","Jake @ 1s: Jake's view shows the laptop and the partially occluded phone. | Tasha @ 1s: Tasha's view clearly shows the phone with a green case.","{""Jake"":""insufficient because the phone is partially occluded by the user's arm and the angle of the shot, making the case color indistinguishable."",""Tasha"":""sufficient because the camera angle provides a clear, unobstructed view of the phone, revealing the green case.""}","sufficient because Jake establishes the context of the laptop and the phone's location, while Tasha's view supplies the specific visual detail (the green case) that Jake could not see.","Jake's view locates the object but fails to reveal its specific attribute (case color) due to occlusion. Tasha's view, looking at the same object from a different position, reveals the color, confirming it is green. The combination resolves the ambiguity.","experiment::EGOLIFE2U_RANDOM_PAIR_CLIP_PRUNED_DAY6_20540000_A1_A3_0-1::EGOLIFE2U_DAY6_JAKE_TASHA_003"
"22","EGOLIFE2U_RANDOM_PAIR_CLIP_PRUNED_DAY7_12390000_A1_A5_0-1","1","experiment","neutral","I was holding a phone and looking around the table, but I couldn't see who was sitting on the far side of it. Which person was sitting directly across from me?","the person wearing a yellow shirt","the person wearing a white shirt","the person wearing a denim jacket","the person wearing a black shirt","the person wearing a blue shirt","A","the person wearing a yellow shirt","Fail","","Unset","Unset","Unset","Unset","Unset","","F1/E1/A1
""I"" can clearly see who sat across. provider sees ""me"" in yellow shirt. however, generator mistaken provider's video for asker's and asked a poorly structured question that could have been answered by the provider themself. Also, ""I"" did not hold a phone","2026-07-31T19:49:35.427Z","EGOLIFE2U_DAY7_JAKE_KATRINA_123900","qa_mcq.jsonl","Jake | Katrina","1","full","Jake","https://huggingface.co/datasets/lmms-lab/EgoLife/resolve/main/A1_JAKE/DAY7/DAY7_A1_JAKE_12390000.mp4","Katrina","https://huggingface.co/datasets/lmms-lab/EgoLife/resolve/main/A5_KATRINA/DAY7/DAY7_A5_KATRINA_12390000.mp4","This question exploits the complementary seating arrangements. Jake (the asker) is looking down the length of the table and cannot see who is opposite him. Katrina, sitting opposite Jake (or in a position that allows her to see the person opposite Jake), has a clear view of the person in the yellow shirt. The question is a natural 'who is sitting where' query that requires the other user's visual evidence to resolve.","Katrina: Katrina's view clearly shows the table layout. She is sitting on one side, and directly across from her is a person wearing a yellow shirt. She is holding a phone in her left hand and chopsticks in her right hand. [00:00 - 00:29] | Jake: Jake's view shows the other side of the table where he is sitting. He sees a person in a denim jacket to his left and others further down the table, but his view is obstructed or angled such that he cannot see who is directly opposite him across the width of the table. [00:00 - 00:29]","Katrina @ 0s: Katrina looking across the table at the person in the yellow shirt | Jake @ 0s: Jake looking at the table from his seat","{""Jake"":""insufficient because Jake's camera angle is directed towards the side of the table and the people sitting along it, but does not capture the person sitting directly across from him on the opposite side."",""Katrina"":""sufficient because Katrina's camera is positioned to look directly across the table, clearly revealing the person in the yellow shirt sitting opposite her.""}","sufficient because Katrina's view provides the missing visual information about who is sitting across the table from the asker's position, while Jake's view establishes the asker's perspective and the context of the question.","Jake's view is limited to his side and the length of the table, making it impossible for him to identify the person directly across. Katrina's view is directed across the table, capturing the person in the yellow shirt clearly. Therefore, Katrina's evidence is required to answer the question from Jake's perspective.","experiment::EGOLIFE2U_RANDOM_PAIR_CLIP_PRUNED_DAY7_12390000_A1_A5_0-1::EGOLIFE2U_DAY7_JAKE_KATRINA_123900"
"23","EGOLIFE2U_RANDOM_PAIR_CLIP_PRUNED_DAY7_13260000_A3_A4_0-1","1","experiment","neutral","I was at the table with the checkered cloth and didn't notice what you were doing with the bags near the door. Which bag did you hang up on the hook?","The blue backpack","The red tote bag","The white plastic bag","The black handbag","The green shopping bag","B","The red tote bag","Pass","","Unset","Unset","Unset","Unset","Unset","","F1/E3/A2","2026-07-31T20:07:29.587Z","EGOLIFE2U_DAY7_A3_A4_Bag_02","qa_mcq.jsonl","Tasha | Lucia","3","full","Tasha","https://huggingface.co/datasets/lmms-lab/EgoLife/resolve/main/A3_TASHA/DAY7/DAY7_A3_TASHA_13260000.mp4","Lucia","https://huggingface.co/datasets/lmms-lab/EgoLife/resolve/main/A4_LUCIA/DAY7/DAY7_A4_LUCIA_13260000.mp4","This question addresses a natural information gap where one person (Tasha) is occupied with a task (using a tablet) in a different location, while the other person (Lucia) performs a specific action (hanging a bag) in a separate room. The question asks for the identity of the object involved in the action.","Tasha: Tasha is sitting at a table with a checkered tablecloth, using a tablet and watching a video. Her view is focused on the screen and the table, and she does not see the area near the door where the bags are located. [13:26:00 - 13:26:28] | Lucia: Lucia is in a bedroom/hallway area. She interacts with a blue backpack (opening it) but then picks up a red tote bag and hangs it on a hook on the wall. [13:26:18 - 13:26:29]","Lucia @ 24s: Lucia picks up the red tote bag. | Lucia @ 25s: Lucia hangs the red tote bag on the hook.","{""Tasha"":""insufficient because Tasha is in a different room (dining area) and her view is directed at a tablet, so she has no visual information about the bags or the hook in the other room."",""Lucia"":""sufficient because Lucia's video clearly shows the specific action of hanging the red tote bag on the hook.""}","sufficient because Lucia's video provides the visual evidence of the specific bag being hung on the hook, while Tasha's video confirms she was not present to witness or perform the action.","Tasha's view establishes her location and activity, proving she did not handle the bags. Lucia's view provides the actual evidence of the red tote bag being hung on the hook. The combination confirms the actor and the specific object.","experiment::EGOLIFE2U_RANDOM_PAIR_CLIP_PRUNED_DAY7_13260000_A3_A4_0-1::EGOLIFE2U_DAY7_A3_A4_Bag_02"
"24","EGOLIFE2U_RANDOM_PAIR_CLIP_PRUNED_DAY7_14073000_A4_A6_0-1","1","experiment","neutral","I was in the bedroom with the lighthouse decals looking at the bedside table covered with a blue cloth. What specific type of item was sitting on the table next to the flowers?","A small blue fish figurine","A stack of books","A framed photo","A remote control","A pair of white sneakers","A","A small blue fish figurine","Fail","","Unset","Unset","Unset","Unset","Unset","","F2/E1/A1
First, table next to flowers is ambiguous. Second, table next to flowers is in asker's view, not provider's. Last, there were no fish figurine","2026-07-31T20:09:48.821Z","A4_A6_DAY7_14075000","qa_mcq.jsonl","Lucia | Shure","2","full","Lucia","https://huggingface.co/datasets/lmms-lab/EgoLife/resolve/main/A4_LUCIA/DAY7/DAY7_A4_LUCIA_14073000.mp4","Shure","https://huggingface.co/datasets/lmms-lab/EgoLife/resolve/main/A6_SHURE/DAY7/DAY7_A6_SHURE_14073000.mp4","The question asks for a specific detail about an object in the room that Lucia is interacting with/near. Lucia's view establishes the context (bedside table, flowers), but Shure's view provides the clear visual evidence of the blue fish figurine. This is a natural information gap where one person is close to the object but the other has a better identifying view.","Lucia: Lucia is in the bedroom with lighthouse decals and sees a bedside table with a blue cloth and flowers, but the small object next to them is not clearly identifiable as a fish figurine from her perspective. [14:07:44 - 14:07:48] | Shure: Shure provides a wider view of the same room (bedroom with lighthouse decals) where a small blue fish figurine is clearly visible sitting on the bedside table next to the flowers. [14:07:47 - 14:07:48]","Lucia @ 14s: Lucia looking at the bedside table with flowers | Shure @ 17s: Shure showing the bedroom with the fish figurine on the table","{""Lucia"":""insufficient because while Lucia sees the flowers and the blue cloth on the bedside table, the small object next to them is not clearly identifiable as a fish figurine from her perspective."",""Shure"":""sufficient because Shure's wider angle of the bedroom clearly shows the blue fish figurine on the bedside table next to the flowers.""}","sufficient because Shure's view of the bedroom confirms the identity of the small object on the bedside table that Lucia was near, linking the specific item (blue fish) to the location (bedside table with flowers).","Lucia establishes the location and the presence of the flowers, but the specific identity of the small object is best verified by Shure's clearer, wider view of the same scene.","experiment::EGOLIFE2U_RANDOM_PAIR_CLIP_PRUNED_DAY7_14073000_A4_A6_0-1::A4_A6_DAY7_14075000"
"25","EGOLIFE2U_RANDOM_PAIR_CLIP_PRUNED_DAY7_15210000_A2_A4_0-1","1","experiment","neutral","I saw someone sitting at the wooden table under the umbrella. What kind of object was sitting on the table right in front of them?","a box of tissues","a stack of papers","a plastic water bottle","a ceramic coffee mug","a closed laptop","A","a box of tissues","Pass","","Unset","Unset","Unset","Unset","Unset","","F2/E3/A2
slightly unnatural and a bit ambiguous in the object references. better question is ""i cant see clearly""
","2026-07-31T20:25:56.943Z","EGOLIFE2U_DAY7_15210000_A2_A4_0-2","qa_mcq.jsonl","Alice | Lucia","2","full","Alice","https://huggingface.co/datasets/lmms-lab/EgoLife/resolve/main/A2_ALICE/DAY7/DAY7_A2_ALICE_15210000.mp4","Lucia","https://huggingface.co/datasets/lmms-lab/EgoLife/resolve/main/A4_LUCIA/DAY7/DAY7_A4_LUCIA_15210000.mp4","Alice sees the scene and the person but cannot identify the object on the table due to distance. Lucia provides the missing detail through a close-up view of the table surface. This creates a natural information gap where Alice asks about the object identity on the table.","Alice: Alice's view shows a person sitting at a table under a patio umbrella. The table surface is visible but the resolution and distance make it difficult to clearly identify the specific object sitting on it. [15:21:05] | Lucia: Lucia's view provides a clear, close-up perspective of the wooden table surface. A white rectangular box of tissues is clearly visible sitting on the table. [15:21:00 - 15:21:21]","Alice @ 5s: Alice views the person and table from a distance. | Lucia @ 0s: Lucia's view shows the table surface and tissue box clearly.","{""Alice"":""insufficient because the object on the table is too small and blurry in the wide shot to be positively identified."",""Lucia"":""sufficient because the video provides a clear close-up of the table surface where the tissue box is distinct.""}","sufficient because the required users' videos together support exactly one option","Alice establishes the context of the person sitting at the table, while Lucia provides the visual evidence of the specific object (a box of tissues) sitting on that table.","experiment::EGOLIFE2U_RANDOM_PAIR_CLIP_PRUNED_DAY7_15210000_A2_A4_0-1::EGOLIFE2U_DAY7_15210000_A2_A4_0-2"
"26","EGOLIFE2U_RANDOM_PAIR_CLIP_PRUNED_DAY7_19100000_A1_A2_0-1","1","experiment","neutral","I saw someone holding a clapperboard standing by the table, but I wasn't sure who it was. Which room did the person holding the clapperboard walk into after leaving the table?","The kitchen area with the red refrigerator","The bedroom with the single bed and white bedding","The hallway near the entrance","The bathroom","The living room with the projector screen","B","The bedroom with the single bed and white bedding","Fail","Unclear","No","No","Unset","Unset","Unset","","F3/E1/A2
The original holder handed the clapperboard to someone else and walked away; the remaining holder's later location was not revealed, so the declared bedroom answer is unsupported.","2026-07-31T23:04:37.103Z","EGOLIFE2U_DAY7_A1_A2_CLAPPERBOARD_CORRECTION_01","qa_mcq.jsonl","Jake | Alice","3","full","Jake","https://huggingface.co/datasets/lmms-lab/EgoLife/resolve/main/A1_JAKE/DAY7/DAY7_A1_JAKE_19100000.mp4","Alice","https://huggingface.co/datasets/lmms-lab/EgoLife/resolve/main/A2_ALICE/DAY7/DAY7_A2_ALICE_19100000.mp4","The question establishes a natural information gap: the asker observes a person leaving their immediate vicinity but cannot see where they go. The evidence provider's view, which moves through the space, captures the destination. This is a 'follow-up' relation where the asker tracks an agent's departure and seeks the outcome (location).","Jake: Jake's view shows a person holding a clapperboard standing near the table, then walking away towards a doorway on the right side of the frame and exiting the view. The interior of the room they enter is not visible. [19:10:12 - 19:10:19] | Alice: Alice's view shows the person holding the clapperboard walking through a doorway and entering a bedroom containing a single bed with white bedding and a window with brown curtains. [19:10:14 - 19:10:18]","Jake @ 18s: Person with clapperboard exits the dining room view | Alice @ 17s: Person enters the bedroom","{""Jake"":""insufficient because the asker only sees the person walking towards a doorway and exiting the frame; the interior of the room they enter is not visible."",""Alice"":""sufficient because the evidence provider's view clearly tracks the person walking through the doorway and into the bedroom, revealing the room's contents.""}","sufficient because the asker identifies the specific person (holding the clapperboard) and their action (leaving the table area), while the evidence provider supplies the visual confirmation of the specific room (bedroom) that the person entered.","Jake's view is static and obstructed by the wall/doorframe, preventing him from seeing into the room the person enters. Alice's view is mobile and follows the person, providing the necessary visual evidence of the room's identity (bedroom vs kitchen vs others).","experiment::EGOLIFE2U_RANDOM_PAIR_CLIP_PRUNED_DAY7_19100000_A1_A2_0-1::EGOLIFE2U_DAY7_A1_A2_CLAPPERBOARD_CORRECTION_01"
"27","EGOLIFE2U_RANDOM_PAIR_CLIP_PRUNED_DAY7_19220000_A1_A2_0-1","1","experiment","neutral","I was moving around the apartment with my phone and noticed the person in the beige top handling a small black device near the kitchen. What did they do with that device?","attached it to the tiled wall","put it inside the microwave","left it on top of the counter","placed it in the sink","hung it on the window frame","A","attached it to the tiled wall","Fail","","Unset","Unset","Unset","Unset","Unset","","F3/E1/A2
Provider was trying to take something off the tiled wall, instead of attaching to, and the person in beige top was mistaken for the provider.","2026-07-31T20:29:20.684Z","EGOLIFE2U_DAY7_192200_A1_A2_REVISION","qa_mcq.jsonl","Jake | Alice","2","full","Jake","https://huggingface.co/datasets/lmms-lab/EgoLife/resolve/main/A1_JAKE/DAY7/DAY7_A1_JAKE_19220000.mp4","Alice","https://huggingface.co/datasets/lmms-lab/EgoLife/resolve/main/A2_ALICE/DAY7/DAY7_A2_ALICE_19220000.mp4","The question addresses a natural information gap where the asker (Jake) is in the same environment but lacks the specific visual evidence of the object's final placement, which is clearly provided by the evidence provider (Alice). The phrasing avoids naming the object as a camera to prevent ambiguity, referring instead to the visible 'small black device'.","Jake: Jake walks through the living room and kitchen, establishing the setting, but does not see the specific action of mounting the device. [0.0s - 10.0s] | Alice: Alice is seen holding a small black rectangular object and actively pressing and adjusting it against the white tiled wall next to the microwave. [19.0s - 26.0s]","Alice @ 21s: Alice holds the black object against the wall. | Alice @ 24s: Alice presses the object onto the tiles.","{""Jake"":""insufficient because the asker alone only provides a view of the general room layout and does not show the specific action of mounting the device."",""Alice"":""sufficient because the evidence provider alone shows the person in the beige top actively pressing the black rectangular object onto the tiled wall next to the microwave.""}","sufficient because the required users' videos together support exactly one option","Jake's view establishes the context of the kitchen and living room but misses the specific interaction with the wall. Alice's view provides the crucial detail of the black object being mounted on the tiles, answering the question directly.","experiment::EGOLIFE2U_RANDOM_PAIR_CLIP_PRUNED_DAY7_19220000_A1_A2_0-1::EGOLIFE2U_DAY7_192200_A1_A2_REVISION"
